ID/Hash,Fecha Detección,Título,Empresa,Score %,Modalidad,Enlace Directo,Salario,Resumen de Afinidad,Estado,Notas Usuario
mock_ideal_001,2026-09-23 09:45,Directora Técnica de Consultoría e Interventoría Vial y SST,Vías Andinas Consultores & Asociados S.A.S.,100.0%,Remoto,https://co.computrabajo.com/ofertas-de-trabajo/mock-ideal-001,$ 12.000.000 - $ 15.000.000 COP,"[Afinidad: 100/100 - Alta Afinidad] Coincide plenamente con el perfil Ingeniera Civil Senior - Especialista en Vías & SST, integrando infraestructura vial y SG-SST (Sinergia dual). Modalidad: 100% Remoto en Colombia confirmado. Observación: Requiere tarjeta profesional COPNIA, Licencia en Seguridad y Salud en el Trabajo (SST) vigente, curso SG-SST (Res. 0312).",Nueva,
mock_ideal_002,2026-09-23 09:45,Consultor/a Senior de Infraestructura Vial y Seguridad Laboral - Teletrabajo,Infraservicios Colombia Tech,100.0%,Remoto,https://www.elempleo.com/co/ofertas-trabajo/mock-ideal-002,$ 10.500.000 - $ 13.000.000 COP,"[Afinidad: 100/100 - Alta Afinidad] Coincide plenamente con el perfil Ingeniera Civil Senior - Especialista en Vías & SST, integrando infraestructura vial y SG-SST (Sinergia dual). Modalidad: 100% Remoto en Colombia confirmado. Observación: Requiere tarjeta profesional COPNIA, Licencia en Seguridad y Salud en el Trabajo (SST) vigente.",Nueva,
mock_ideal_003,2026-09-23 09:45,Coordinador Nacional de Seguridad y Salud en el Trabajo (SST) e Interventoría Vial,Consorcio Vías Concesionadas,100.0%,Remoto,https://co.linkedin.com/jobs/view/mock-ideal-003,$ 9.500.000 - $ 12.000.000 COP,"[Afinidad: 100/100 - Alta Afinidad] Coincide plenamente con el perfil Ingeniera Civil Senior - Especialista en Vías & SST, integrando infraestructura vial y SG-SST (Sinergia dual). Modalidad: 100% Remoto en Colombia confirmado. Observación: Requiere tarjeta profesional COPNIA, Licencia en Seguridad y Salud en el Trabajo (SST) vigente.",Nueva,
d3c1233836489c95,2026-09-22 05:09,"Ejecutivo, facility, director operación, construccion, infraestructura con licencia sst en yopal",MANPOWER,85.0%,Remoto,https://www.elempleo.com/co/ofertas-trabajo/ejecutivo-facility-director-operacion-construccion-infraestructura-con-licencia-sst-en-yopal-1886765439,,[Afinidad: 85/100 - Alta Afinidad] Alta coincidencia en gestión de Seguridad y Salud en el Trabajo (SST). Modalidad: 100% Remoto en Colombia confirmado. Observación: Requiere Licencia en Seguridad y Salud en el Trabajo (SST) vigente.,Nueva,
cfd7ea99c8576f7d,2026-09-22 05:09,Profesional sst (sg-sst y pesv) - bogotá y cota,AGENCIA DE EMPLEO CAFAM,75.0%,Remoto,https://www.elempleo.com/co/ofertas-trabajo/profesional-sst-sgsst-y-pesv-bogota-y-cota-1886755656,,[Afinidad: 75/100 - Alta Afinidad] Alta coincidencia en gestión de Seguridad y Salud en el Trabajo (SST). Modalidad: 100% Remoto en Colombia confirmado.,Nueva,
477df9f583e4cb1d,2026-09-22 05:09,Especialista en seguridad vial con licencia en sst - bucaramanga,Confidencial,75.0%,Remoto,https://www.elempleo.com/co/ofertas-trabajo/especialista-en-seguridad-vial-con-licencia-en-sst-bucaramanga-1886762630,,[Afinidad: 75/100 - Alta Afinidad] Afinidad moderada con componentes de vías e infraestructura y seguridad laboral. Modalidad: 100% Remoto en Colombia confirmado. Observación: Requiere Licencia en Seguridad y Salud en el Trabajo (SST) vigente.,Nueva,
4f3e1576cc3242f9,2026-09-22 05:09,Especialista en seguridad vial con licencia en sst - bucaramanga,Confidencial,75.0%,Remoto,https://www.elempleo.com/co/ofertas-trabajo/especialista-en-seguridad-vial-con-licencia-en-sst-bucaramanga-1886697108,,[Afinidad: 75/100 - Alta Afinidad] Afinidad moderada con componentes de vías e infraestructura y seguridad laboral. Modalidad: 100% Remoto en Colombia confirmado. Observación: Requiere Licencia en Seguridad y Salud en el Trabajo (SST) vigente.,Nueva,
8c4c85415c7d1976,2026-09-22 03:17,Barranquilla- consultor de sistemas hseq y seguridad vial- independiente,Confidencial,70.0%,Remoto,https://www.elempleo.com/co/ofertas-trabajo/barranquilla-consultor-de-sistemas-hseq-y-seguridad-vial-independiente-1886770176,,[Afinidad: 70/100 - Alta Afinidad] Afinidad moderada con componentes de vías e infraestructura y seguridad laboral. Modalidad: 100% Remoto en Colombia confirmado.,Nueva,
b9d6e99de3f7d95f,2026-09-22 05:09,Barranquilla- consultor de sistemas hseq y seguridad vial- independiente,Confidencial,70.0%,Remoto,https://www.elempleo.com/co/ofertas-trabajo/barranquilla-consultor-de-sistemas-hseq-y-seguridad-vial-independiente-1886770176,,[Afinidad: 70/100 - Alta Afinidad] Afinidad moderada con componentes de vías e infraestructura y seguridad laboral. Modalidad: 100% Remoto en Colombia confirmado.,Nueva,
3224b988c2ce1680,2026-09-22 05:09,Barranquilla- consultor de sistemas de gestion sst y seguridad vial- independiente,Confidencial,70.0%,Remoto,https://www.elempleo.com/co/ofertas-trabajo/barranquilla-consultor-de-sistemas-de-gestion-sst-y-seguridad-vial-independiente-1886768156,,[Afinidad: 70/100 - Alta Afinidad] Afinidad moderada con componentes de vías e infraestructura y seguridad laboral. Modalidad: 100% Remoto en Colombia confirmado.,Nueva,
b20483f07ee4b9c0,2026-09-22 05:09,Especialista en sg-sst | prestación de servicios,Confidencial,70.0%,Remoto,https://www.elempleo.com/co/ofertas-trabajo/especialista-en-sgsst-prestacion-de-servicios-1886764855,,[Afinidad: 70/100 - Alta Afinidad] Alta coincidencia en gestión de Seguridad y Salud en el Trabajo (SST). Modalidad: 100% Remoto en Colombia confirmado.,Nueva,
d7290bda5f5a3783,2026-09-22 03:17,Director de proyecto vias,Confidencial,68.0%,Remoto,https://www.elempleo.com/co/ofertas-trabajo/director-de-proyecto-vias-1886748722,,"[Afinidad: 68/100 - Afinidad Moderada] Alta coincidencia técnica en infraestructura vial, diseño geométrico y pavimentos. Modalidad: 100% Remoto en Colombia confirmado.",Nueva,
30674ca816381080,2026-09-22 05:09,"ing civil , transporte y vias , director de planeacion, control , ejecucion de proyectos",Gestión Vial Integral S.A.S.,68.0%,Remoto,https://co.computrabajo.com/ofertas-de-trabajo/oferta-de-trabajo-de-ing-civil-transporte-y-vias-director-de-planeacion-control-ejecucion-de-proyectos-experiencia-infraestructura-vial-en-bogota-dc-DCC22A4E637235E061373E686DCF3405,"$ 8.000.000,00 (Mensual)","[Afinidad: 68/100 - Afinidad Moderada] Alta coincidencia técnica en infraestructura vial, diseño geométrico y pavimentos. Modalidad: 100% Remoto en Colombia confirmado.",Nueva,
d1f260d2af51a1e6,2026-09-22 05:09,Director de proyecto vias,Confidencial,68.0%,Remoto,https://www.elempleo.com/co/ofertas-trabajo/director-de-proyecto-vias-1886748722,,"[Afinidad: 68/100 - Afinidad Moderada] Alta coincidencia técnica en infraestructura vial, diseño geométrico y pavimentos. Modalidad: 100% Remoto en Colombia confirmado.",Nueva,
7ca1ad59dab87f3d,2026-09-22 05:09,"ingeniero civil o transporte y vias , postgrado diseño vias, exp de cinco años en diseño vias",Gestión Vial Integral S.A.S.,63.0%,Remoto,https://co.computrabajo.com/ofertas-de-trabajo/oferta-de-trabajo-de-ingeniero-civil-o-transporte-y-vias-postgrado-diseno-vias-exp-de-cinco-anos-en-diseno-vias-en-bogota-dc-304CED66AD78096461373E686DCF3405,"$ 5.000.000,00 (Mensual)","[Afinidad: 63/100 - Afinidad Moderada] Alta coincidencia técnica en infraestructura vial, diseño geométrico y pavimentos. Modalidad: 100% Remoto en Colombia confirmado.",Nueva,
996d4431668c2172,2026-09-22 05:09,Ingeniero Civil o Ingeniero de Vías y Transporte,GCS CONSTRUCCIONES S A S,63.0%,Remoto,https://co.computrabajo.com/ofertas-de-trabajo/oferta-de-trabajo-de-ingeniero-civil-o-ingeniero-de-vias-y-transporte-se-requiere-posgrado-en-la-belleza-1E4C34A6305A99C961373E686DCF3405,,"[Afinidad: 63/100 - Afinidad Moderada] Alta coincidencia técnica en infraestructura vial, diseño geométrico y pavimentos. Modalidad: 100% Remoto en Colombia confirmado.",Nueva,
3465193d5051ccd2,2026-09-22 05:09,Ingeniero Civil Especialista en Vías – Residente de Interventoría,STRUCTONIA S.A.S.,63.0%,Remoto,https://co.computrabajo.com/ofertas-de-trabajo/oferta-de-trabajo-de-ingeniero-civil-especialista-en-vias-residente-de-interventoria-minimo-10-anos-de-experiencia-profesional-en-tocancipa-5FBA320FD2BEBCB561373E686DCF3405,"$ 4.250.000,00 (Mensual)","[Afinidad: 63/100 - Afinidad Moderada] Alta coincidencia técnica en infraestructura vial, diseño geométrico y pavimentos. Modalidad: 100% Remoto en Colombia confirmado.",Nueva,
540fc0f8d433dd02,2026-09-22 05:09,Ingeniero de infraestructura vial,INZIGNIA CONSTRUCTION S.A,63.0%,Remoto,https://www.elempleo.com/co/ofertas-trabajo/ingeniero-de-infraestructura-vial-1886744406,,"[Afinidad: 63/100 - Afinidad Moderada] Alta coincidencia técnica en infraestructura vial, diseño geométrico y pavimentos. Modalidad: 100% Remoto en Colombia confirmado.",Nueva,
3d719b8e664390cc,2026-09-22 05:09,Especialista en Vías,Grupo Cal y Mayor,63.0%,Remoto,https://co.linkedin.com/jobs/view/especialista-en-v%C3%ADas-at-cal-y-mayor-4444576886,,"[Afinidad: 63/100 - Afinidad Moderada] Alta coincidencia técnica en infraestructura vial, diseño geométrico y pavimentos. Modalidad: 100% Remoto en Colombia confirmado.",Nueva,
cd1fbb60948260e1,2026-09-22 05:09,Modelador/a BIM en Civil 3D- Infraestructura,"IDOM Consulting, Engineering, Architecture",63.0%,Remoto,https://co.linkedin.com/jobs/view/modelador-a-bim-en-civil-3d-infraestructura-at-idom-consulting-engineering-architecture-4443664764,,"[Afinidad: 63/100 - Afinidad Moderada] Alta coincidencia técnica en infraestructura vial, diseño geométrico y pavimentos. Modalidad: 100% Remoto en Colombia confirmado.",Nueva,
9f470ed483d687e0,2026-09-22 05:09,Especialista HSE/SST,SOE 360,63.0%,Remoto,https://co.linkedin.com/jobs/view/especialista-hse-sst-at-soe-360-4468830991,,[Afinidad: 63/100 - Afinidad Moderada] Alta coincidencia en gestión de Seguridad y Salud en el Trabajo (SST). Modalidad: 100% Remoto en Colombia confirmado.,Nueva,
b61ad1aa15c22ca5,2026-09-22 03:17,Inspector sst y seguridad vial motorizado - zona sabana norte,ATIEMPO S.A.S,60.0%,Remoto,https://www.elempleo.com/co/ofertas-trabajo/inspector-sst-y-seguridad-vial-motorizado-zona-sabana-norte-chia-cota-zipaquira-tabio-y-tenjo-1886766982,,[Afinidad: 60/100 - Afinidad Moderada] Afinidad moderada con componentes de vías e infraestructura y seguridad laboral. Modalidad: 100% Remoto en Colombia confirmado.,Nueva,
eaa28269212c2ec6,2026-09-22 03:17,Analista sst / plan estratégico de seguridad vial-bogotá,Confidencial,60.0%,Remoto,https://www.elempleo.com/co/ofertas-trabajo/analista-sst-plan-estrategico-de-seguridad-vialbogota-1886767391,,[Afinidad: 60/100 - Afinidad Moderada] Afinidad moderada con componentes de vías e infraestructura y seguridad laboral. Modalidad: 100% Remoto en Colombia confirmado.,Nueva,
06f094ce9d5aac78,2026-09-22 05:09,Profesional en seguridad y salud en el trabajo - pereira | seguridad vial,ADECCO COLOMBIA S A,60.0%,Remoto,https://www.elempleo.com/co/ofertas-trabajo/profesional-en-seguridad-y-salud-en-el-trabajo-pereira-seguridad-vial-1886747053,,[Afinidad: 60/100 - Afinidad Moderada] Afinidad moderada con componentes de vías e infraestructura y seguridad laboral. Modalidad: 100% Remoto en Colombia confirmado.,Nueva,
e9d56941eaea2d73,2026-09-22 05:09,Inspector sst y seguridad vial motorizado - zona sabana norte,ATIEMPO S.A.S,60.0%,Remoto,https://www.elempleo.com/co/ofertas-trabajo/inspector-sst-y-seguridad-vial-motorizado-zona-sabana-norte-chia-cota-zipaquira-tabio-y-tenjo-1886766982,,[Afinidad: 60/100 - Afinidad Moderada] Afinidad moderada con componentes de vías e infraestructura y seguridad laboral. Modalidad: 100% Remoto en Colombia confirmado.,Nueva,
1577b8627227b7b9,2026-09-22 05:09,Analista sst / plan estratégico de seguridad vial-bogotá,Confidencial,60.0%,Remoto,https://www.elempleo.com/co/ofertas-trabajo/analista-sst-plan-estrategico-de-seguridad-vialbogota-1886767391,,[Afinidad: 60/100 - Afinidad Moderada] Afinidad moderada con componentes de vías e infraestructura y seguridad laboral. Modalidad: 100% Remoto en Colombia confirmado.,Nueva,
4d2a4ed8de3a33cf,2026-09-22 05:09,Director de proyecto idu,Confidencial,60.0%,Remoto,https://www.elempleo.com/co/ofertas-trabajo/director-de-proyecto-idu-1886749675,,[Afinidad: 60/100 - Afinidad Moderada] Afinidad parcial en infraestructura vial y transporte. Modalidad: 100% Remoto en Colombia confirmado.,Nueva,
6d0f6220edda6c00,2026-09-22 05:09,Profesional en sst (pesv) - bogotá,Quirón Prevención Colombia S.A.S,60.0%,Remoto,https://www.elempleo.com/co/ofertas-trabajo/profesional-en-sst-pesv-bogota-1886764924,,[Afinidad: 60/100 - Afinidad Moderada] Afinidad moderada con componentes de vías e infraestructura y seguridad laboral. Modalidad: 100% Remoto en Colombia confirmado.,Nueva,
d08c11f2965be02b,2026-09-22 05:09,Psicóloga (o) senior especialista sst,Confidencial,60.0%,Remoto,https://www.elempleo.com/co/ofertas-trabajo/psicologa-o-senior-especialista-sst-1886752312,,[Afinidad: 60/100 - Afinidad Moderada] Afinidad parcial en seguridad y salud ocupacional. Modalidad: 100% Remoto en Colombia confirmado.,Nueva,
b00bfc12c3eebd36,2026-09-22 05:09,Cali - psicóloga (o) senior especialista sst- independiente,Confidencial,60.0%,Remoto,https://www.elempleo.com/co/ofertas-trabajo/cali-psicologa-o-senior-especialista-sst-independiente-1886761400,,[Afinidad: 60/100 - Afinidad Moderada] Afinidad parcial en seguridad y salud ocupacional. Modalidad: 100% Remoto en Colombia confirmado.,Nueva,
273669711cd789c2,2026-09-22 05:09,Tecnico en sst- con licencia en sst experto en pesv - bogota,Confidencial,60.0%,Remoto,https://www.elempleo.com/co/ofertas-trabajo/tecnico-en-sst-con-licencia-en-sst-experto-en-pesv-bogota-1886764118,,[Afinidad: 60/100 - Afinidad Moderada] Afinidad moderada con componentes de vías e infraestructura y seguridad laboral. Modalidad: 100% Remoto en Colombia confirmado. Observación: Requiere Licencia en Seguridad y Salud en el Trabajo (SST) vigente.,Nueva,
2f0067eb2449c438,2026-09-22 05:09,Jefe de prevención de riesgos laborales sst,Confidencial,60.0%,Remoto,https://www.elempleo.com/co/ofertas-trabajo/jefe-de-prevencion-de-riesgos-laborales-sst-1886769416,,[Afinidad: 60/100 - Afinidad Moderada] Alta coincidencia en gestión de Seguridad y Salud en el Trabajo (SST). Modalidad: 100% Remoto en Colombia confirmado.,Nueva,
44316258861df5d1,2026-09-22 05:09,Profesional en seguridad y salud en el trabajo - pereira | experiencia en pesv,ADECCO COLOMBIA S A,60.0%,Remoto,https://www.elempleo.com/co/ofertas-trabajo/profesional-en-seguridad-y-salud-en-el-trabajo-pereira-experiencia-en-pesv-1886758149,,[Afinidad: 60/100 - Afinidad Moderada] Afinidad moderada con componentes de vías e infraestructura y seguridad laboral. Modalidad: 100% Remoto en Colombia confirmado.,Nueva,
76884e88c622ce0a,2026-09-22 05:09,Analista sst / plan estratégico de seguridad vial,Confidencial,60.0%,Remoto,https://www.elempleo.com/co/ofertas-trabajo/analista-sst-plan-estrategico-de-seguridad-vial-1886767397,,[Afinidad: 60/100 - Afinidad Moderada] Afinidad moderada con componentes de vías e infraestructura y seguridad laboral. Modalidad: 100% Remoto en Colombia confirmado.,Nueva,
43d7b93a9eb1329d,2026-09-22 05:09,Tecnologo en sst- experto en pesv - bogota,Confidencial,60.0%,Remoto,https://www.elempleo.com/co/ofertas-trabajo/tecnologo-en-sst-experto-en-pesv-bogota-1886763258,,[Afinidad: 60/100 - Afinidad Moderada] Afinidad moderada con componentes de vías e infraestructura y seguridad laboral. Modalidad: 100% Remoto en Colombia confirmado.,Nueva,
b7c231a34a86de79,2026-09-22 05:09,Tecnico o tecnologo en sst // exp pesv,Quirón Prevención Colombia S.A.S,60.0%,Remoto,https://www.elempleo.com/co/ofertas-trabajo/tecnico-o-tecnologo-en-sst-exp-pesv-1886748107,,[Afinidad: 60/100 - Afinidad Moderada] Afinidad moderada con componentes de vías e infraestructura y seguridad laboral. Modalidad: 100% Remoto en Colombia confirmado.,Nueva,
7293efcccc03c71c,2026-09-22 05:09,Tecnico o tecnologo en sst // exp pesv,Quirón Prevención Colombia S.A.S,60.0%,Remoto,https://www.elempleo.com/co/ofertas-trabajo/tecnico-o-tecnologo-en-sst-exp-pesv-1886748681,,[Afinidad: 60/100 - Afinidad Moderada] Afinidad moderada con componentes de vías e infraestructura y seguridad laboral. Modalidad: 100% Remoto en Colombia confirmado.,Nueva,
6397c4e43d0ce4c8,2026-09-22 03:17,Ingeniero de vías y transporte,KMA CONSTRUCCIONES SAS,58.0%,Remoto,https://www.elempleo.com/co/ofertas-trabajo/ingeniero-de-vias-y-transporte-1886755352,,"[Afinidad: 58/100 - Afinidad Moderada] Alta coincidencia técnica en infraestructura vial, diseño geométrico y pavimentos. Modalidad: 100% Remoto en Colombia confirmado.",Nueva,
4a585f361f9a3cde,2026-09-22 03:17,Ingeniero residente de vias,TERMOTECNICA COINDUSTRIAL SAS,58.0%,Remoto,https://www.elempleo.com/co/ofertas-trabajo/ingeniero-residente-de-vias-1886762445,,"[Afinidad: 58/100 - Afinidad Moderada] Alta coincidencia técnica en infraestructura vial, diseño geométrico y pavimentos. Modalidad: 100% Remoto en Colombia confirmado.",Nueva,
65a123f37ecb61a2,2026-09-22 03:17,Ingeniero/a de Vías Férreas,"IDOM Consulting, Engineering, Architecture",58.0%,Remoto,https://co.linkedin.com/jobs/view/ingeniero-a-de-v%C3%ADas-f%C3%A9rreas-at-idom-consulting-engineering-architecture-4443714860,,"[Afinidad: 58/100 - Afinidad Moderada] Alta coincidencia técnica en infraestructura vial, diseño geométrico y pavimentos. Modalidad: 100% Remoto en Colombia confirmado.",Nueva,
fceb07cf99a43a15,2026-09-22 05:09,Ingeniero Residente en Proyectos vías,KMA CONSTRUCCIONES S.A.S,58.0%,Remoto,https://co.computrabajo.com/ofertas-de-trabajo/oferta-de-trabajo-de-ingeniero-residente-en-proyectos-vias-nacional-en-curumani-3E969F0AD9C6204861373E686DCF3405,,"[Afinidad: 58/100 - Afinidad Moderada] Alta coincidencia técnica en infraestructura vial, diseño geométrico y pavimentos. Modalidad: 100% Remoto en Colombia confirmado.",Nueva,
407bff46acf8d5b9,2026-09-22 05:09,Director(a) de Seguridad y Salud en el Trabajo — SST Bogotá D.C. Presencial,FIREKEY SAS,58.0%,Remoto,https://co.computrabajo.com/ofertas-de-trabajo/oferta-de-trabajo-de-directora-de-seguridad-y-salud-en-el-trabajo-sst-bogota-dc-presencial-contrato-a-termino-indefinido-suba-en-bogota-dc-C37E7111DB44BE2D61373E686DCF3405,"$ 2.699.999,00 (Mensual)",[Afinidad: 58/100 - Afinidad Moderada] Alta coincidencia en gestión de Seguridad y Salud en el Trabajo (SST). Modalidad: 100% Remoto en Colombia confirmado.,Nueva,
c100150b8992d885,2026-09-22 05:09,Ingeniero residente de vias,TERMOTECNICA COINDUSTRIAL SAS,58.0%,Remoto,https://www.elempleo.com/co/ofertas-trabajo/ingeniero-residente-de-vias-1886762445,,"[Afinidad: 58/100 - Afinidad Moderada] Alta coincidencia técnica en infraestructura vial, diseño geométrico y pavimentos. Modalidad: 100% Remoto en Colombia confirmado.",Nueva,
fb3f5f47762bcd6a,2026-09-22 05:09,Ingeniero de vías y transporte,KMA CONSTRUCCIONES SAS,58.0%,Remoto,https://www.elempleo.com/co/ofertas-trabajo/ingeniero-de-vias-y-transporte-1886755352,,"[Afinidad: 58/100 - Afinidad Moderada] Alta coincidencia técnica en infraestructura vial, diseño geométrico y pavimentos. Modalidad: 100% Remoto en Colombia confirmado.",Nueva,
ed126154bb93d557,2026-09-22 05:09,Ingeniero residente de vias y urbanismo,METRO LINEA 1 S.A.S.,58.0%,Remoto,https://www.elempleo.com/co/ofertas-trabajo/ingeniero-residente-de-vias-y-urbanismo-1886764375,,"[Afinidad: 58/100 - Afinidad Moderada] Alta coincidencia técnica en infraestructura vial, diseño geométrico y pavimentos. Modalidad: 100% Remoto en Colombia confirmado.",Nueva,
mock_edge_011,2026-09-23 09:45,Ingeniero/a consultor vias y seguridad,Consultores Generales,58.0%,Desconocido,https://co.computrabajo.com/ofertas-de-trabajo/mock-edge-011,,"[Afinidad: 58/100 - Afinidad Moderada] Alta coincidencia técnica en infraestructura vial, diseño geométrico y pavimentos. Modalidad: Modalidad no declarada o por verificar.",Nueva,
b1adf833f3af1052,2026-09-22 03:17,Coordinador de área ambiental y calidad - líder de sostenibilidad ambiental - ingeniero /hseq,Confidencial,55.0%,Remoto,https://www.elempleo.com/co/ofertas-trabajo/coordinador-de-area-ambiental-y-calidad-lider-de-sostenibilidad-ambiental-ingeniero-hseq-1886755446,,[Afinidad: 55/100 - Afinidad Moderada] Afinidad parcial en seguridad y salud ocupacional. Modalidad: 100% Remoto en Colombia confirmado.,Nueva,
fc5dd04f5bd144ee,2026-09-22 03:27,Fisioterapeuta Especialista en SST,Gi Group Colombia,55.0%,Remoto,https://co.computrabajo.com/ofertas-de-trabajo/oferta-de-trabajo-de-fisioterapeuta-especialista-en-sst-en-bogota-dc-076F583656B7841761373E686DCF3405,"$ 4.000.000,00 (Mensual)",[Afinidad: 55/100 - Afinidad Moderada] Afinidad parcial en seguridad y salud ocupacional. Modalidad: 100% Remoto en Colombia confirmado.,Nueva,
3262fc198936542f,2026-09-22 05:09,Ingeniero industrial especialista SST,ACTIVOS S A S,55.0%,Remoto,https://co.computrabajo.com/ofertas-de-trabajo/oferta-de-trabajo-de-ingeniero-industrial-especialista-sst-en-yumbo-74CF6CB934E4D36B61373E686DCF3405,"$ 4.104.000,00 (Mensual)",[Afinidad: 55/100 - Afinidad Moderada] Afinidad parcial en seguridad y salud ocupacional. Modalidad: 100% Remoto en Colombia confirmado.,Nueva,
d2ad2ff9acd6839f,2026-09-22 05:09,Ingeniero eléctrico o electrónico Especialista en SST,ACTIVOS S A S,55.0%,Remoto,https://co.computrabajo.com/ofertas-de-trabajo/oferta-de-trabajo-de-ingeniero-electrico-o-electronico-especialista-en-sst-en-barranquilla-D72EF1BA5326962B61373E686DCF3405,"$ 3.477.600,00 (Mensual)",[Afinidad: 55/100 - Afinidad Moderada] Afinidad parcial en seguridad y salud ocupacional. Modalidad: 100% Remoto en Colombia confirmado.,Nueva,
3808b33644911513,2026-09-22 05:09,Fisioterapeuta Especialista en SST / Contratacion Inmediata / Empresa de Servicios Ocupacionales,Contrate S.A.S,55.0%,Remoto,https://co.computrabajo.com/ofertas-de-trabajo/oferta-de-trabajo-de-fisioterapeuta-especialista-en-sst-contratacion-inmediata-empresa-de-servicios-ocupacionales-bogota-dc-en-bogota-dc-954F6FA5DE8740B761373E686DCF3405,"$ 3.500.000,00 (Mensual)",[Afinidad: 55/100 - Afinidad Moderada] Afinidad parcial en seguridad y salud ocupacional. Modalidad: 100% Remoto en Colombia confirmado.,Nueva,
286ae83bbe142964,2026-09-22 05:09,Optómetra Especialista en SST / Contratacion Inmediata / Empresa de Servicios Ocupacionales,Contrate S.A.S,55.0%,Remoto,https://co.computrabajo.com/ofertas-de-trabajo/oferta-de-trabajo-de-optometra-especialista-en-sst-contratacion-inmediata-empresa-de-servicios-ocupacionales-medellin-area-metropolitana-en-medellin-D831B69F40C7F74661373E686DCF3405,"$ 4.800.000,00 (Mensual)",[Afinidad: 55/100 - Afinidad Moderada] Afinidad parcial en seguridad y salud ocupacional. Modalidad: 100% Remoto en Colombia confirmado.,Nueva,
076e18f5f418f801,2026-09-22 05:09,Fonoaudiólogo(a) Especialista en SST,Colmedicos S.A.S,55.0%,Remoto,https://co.computrabajo.com/ofertas-de-trabajo/oferta-de-trabajo-de-fonoaudiologoa-especialista-en-sst-medellin-medio-tiempo-en-medellin-D90159B0E2B69D2361373E686DCF3405,"$ 1.805.000,00 (Mensual)",[Afinidad: 55/100 - Afinidad Moderada] Afinidad parcial en seguridad y salud ocupacional. Modalidad: 100% Remoto en Colombia confirmado.,Nueva,
e8acf791a5020cbe,2026-09-22 05:09,Fisioterapeuta especialista SST,Importante empresa del sector,55.0%,Remoto,https://co.computrabajo.com/ofertas-de-trabajo/oferta-de-trabajo-de-fisioterapeuta-especialista-sst-bogota-en-bogota-dc-3627E6618E738BBF61373E686DCF3405,,[Afinidad: 55/100 - Afinidad Moderada] Afinidad parcial en seguridad y salud ocupacional. Modalidad: 100% Remoto en Colombia confirmado.,Nueva,
2695132e0a8dfc40,2026-09-22 05:09,Ingeniero/a químico/a especialista en SST,AGENCIA DE EMPLEO COMFAMA,55.0%,Remoto,https://co.computrabajo.com/ofertas-de-trabajo/oferta-de-trabajo-de-ingenieroa-quimicoa-especialista-en-sst-en-medellin-A54414235252C3E061373E686DCF3405,"$ 5.040.000,00 (Mensual)",[Afinidad: 55/100 - Afinidad Moderada] Afinidad parcial en seguridad y salud ocupacional. Modalidad: 100% Remoto en Colombia confirmado.,Nueva,
1c1d8e4983dc33f4,2026-09-22 05:09,Ingeniero ambiental Especialista SST,Importante empresa del sector,55.0%,Remoto,https://co.computrabajo.com/ofertas-de-trabajo/oferta-de-trabajo-de-ingeniero-ambiental-especialista-sst-en-itagui-DCE95A795F77267C61373E686DCF3405,"$ 4.000.000,00 (Mensual)",[Afinidad: 55/100 - Afinidad Moderada] Afinidad parcial en seguridad y salud ocupacional. Modalidad: 100% Remoto en Colombia confirmado.,Nueva,
7a6cd20b57cbdef4,2026-09-22 05:09,Coordinador de SST,PERSOM S.A.S,55.0%,Remoto,https://co.computrabajo.com/ofertas-de-trabajo/oferta-de-trabajo-de-coordinador-de-sst-en-bogota-dc-F63CA2164CED78C361373E686DCF3405,"$ 3.257.687,00 (Mensual)",[Afinidad: 55/100 - Afinidad Moderada] Afinidad parcial en seguridad y salud ocupacional. Modalidad: 100% Remoto en Colombia confirmado.,Nueva,
215938c628e41120,2026-09-22 05:09,Ingeniero Civil proyectos Infraestructura,Eficacia,55.0%,Remoto,https://co.computrabajo.com/ofertas-de-trabajo/oferta-de-trabajo-de-ingeniero-civil-proyectos-infraestructura-cali-valle-en-cali-03949569B6DE5E3061373E686DCF3405,"$ 1.750.000,00 (Mensual)",[Afinidad: 55/100 - Afinidad Moderada] Afinidad parcial en infraestructura vial y transporte. Modalidad: 100% Remoto en Colombia confirmado.,Nueva,
d40d792e0c65305f,2026-09-22 05:09,Coordinador de área ambiental y calidad - líder de sostenibilidad ambiental - ingeniero /hseq,Confidencial,55.0%,Remoto,https://www.elempleo.com/co/ofertas-trabajo/coordinador-de-area-ambiental-y-calidad-lider-de-sostenibilidad-ambiental-ingeniero-hseq-1886755446,,[Afinidad: 55/100 - Afinidad Moderada] Afinidad parcial en seguridad y salud ocupacional. Modalidad: 100% Remoto en Colombia confirmado.,Nueva,
5333f11a5d9ddaf0,2026-09-22 05:09,Cali -consultor psicólogo especialista sst independiente,Confidencial,55.0%,Remoto,https://www.elempleo.com/co/ofertas-trabajo/cali-consultor-psicologo-especialista-sst-independiente-1886768154,,[Afinidad: 55/100 - Afinidad Moderada] Afinidad parcial en seguridad y salud ocupacional. Modalidad: 100% Remoto en Colombia confirmado.,Nueva,
c2ab1be2d87d56da,2026-09-22 05:09,Cali -consultor psicólogo especialista sst independiente,Confidencial,55.0%,Remoto,https://www.elempleo.com/co/ofertas-trabajo/cali-consultor-psicologo-especialista-sst-independiente-1886745046,,[Afinidad: 55/100 - Afinidad Moderada] Afinidad parcial en seguridad y salud ocupacional. Modalidad: 100% Remoto en Colombia confirmado.,Nueva,
b2e965ef992d7e0c,2026-09-22 05:09,Cali -consultor psicólogo especialista sst independiente,Confidencial,55.0%,Remoto,https://www.elempleo.com/co/ofertas-trabajo/cali-consultor-psicologo-especialista-sst-independiente-1886760591,,[Afinidad: 55/100 - Afinidad Moderada] Afinidad parcial en seguridad y salud ocupacional. Modalidad: 100% Remoto en Colombia confirmado.,Nueva,
e59c6b77c6fb31ec,2026-09-22 05:09,Ingeniero químico especialista en sst - bogotá,Quirón Prevención Colombia S.A.S,55.0%,Remoto,https://www.elempleo.com/co/ofertas-trabajo/ingeniero-quimico-especialista-en-sst-bogota-1886699816,,[Afinidad: 55/100 - Afinidad Moderada] Afinidad parcial en seguridad y salud ocupacional. Modalidad: 100% Remoto en Colombia confirmado.,Nueva,
631acc8f85eaeeff,2026-09-22 05:09,Psicólogo especialista en sst,Quirón Prevención Colombia S.A.S,55.0%,Remoto,https://www.elempleo.com/co/ofertas-trabajo/psicologo-especialista-en-sst-bogota-1886758005,,[Afinidad: 55/100 - Afinidad Moderada] Afinidad parcial en seguridad y salud ocupacional. Modalidad: 100% Remoto en Colombia confirmado.,Nueva,
7c17015bfac36a33,2026-09-22 05:09,Coordinador de proyectos en sst,ACL,55.0%,Remoto,https://www.elempleo.com/co/ofertas-trabajo/coordinador-de-proyectos-en-sst-1886754005,,[Afinidad: 55/100 - Afinidad Moderada] Afinidad parcial en seguridad y salud ocupacional. Modalidad: 100% Remoto en Colombia confirmado.,Nueva,
4b4069b9dca6e119,2026-09-22 05:09,Profesional sst especialista sst 627556,JOBANDTALENT CO SAS,55.0%,Remoto,https://www.elempleo.com/co/ofertas-trabajo/profesional-sst-especialista-sst-627556-1886739219,,[Afinidad: 55/100 - Afinidad Moderada] Afinidad parcial en seguridad y salud ocupacional. Modalidad: 100% Remoto en Colombia confirmado.,Nueva,
1857f57b4d01d529,2026-09-22 05:09,Especialista sst regional,D1 SAS,55.0%,Remoto,https://www.elempleo.com/co/ofertas-trabajo/especialista-sst-regional-1886755260,,[Afinidad: 55/100 - Afinidad Moderada] Afinidad parcial en seguridad y salud ocupacional. Modalidad: 100% Remoto en Colombia confirmado.,Nueva,
bedbbc3d1eb04d51,2026-09-22 05:09,Ingeniero industrial especialista en sst - bogotá,Quirón Prevención Colombia S.A.S,55.0%,Remoto,https://www.elempleo.com/co/ofertas-trabajo/ingeniero-industrial-especialista-en-sst-bogota-1886769067,,[Afinidad: 55/100 - Afinidad Moderada] Afinidad parcial en seguridad y salud ocupacional. Modalidad: 100% Remoto en Colombia confirmado.,Nueva,
32bbd9adcf2cf897,2026-09-22 05:09,Psicóloga especialista sst medellin,CROMA MEDICAL IPS SAS,55.0%,Remoto,https://www.elempleo.com/co/ofertas-trabajo/psicologa-especialista-sst-medellin-1886760695,,[Afinidad: 55/100 - Afinidad Moderada] Afinidad parcial en seguridad y salud ocupacional. Modalidad: 100% Remoto en Colombia confirmado.,Nueva,
515ba58295e9ed62,2026-09-22 05:09,Barranquilla - consultor psicólogo especialista sst independiente,Confidencial,55.0%,Remoto,https://www.elempleo.com/co/ofertas-trabajo/barranquilla-consultor-psicologo-especialista-sst-independiente-1886751100,,[Afinidad: 55/100 - Afinidad Moderada] Afinidad parcial en seguridad y salud ocupacional. Modalidad: 100% Remoto en Colombia confirmado.,Nueva,
c4d1af7d4b175e9c,2026-09-22 05:09,Cali -consultor psicólogo especialista sst independiente,Confidencial,55.0%,Remoto,https://www.elempleo.com/co/ofertas-trabajo/cali-consultor-psicologo-especialista-sst-independiente-1886765207,,[Afinidad: 55/100 - Afinidad Moderada] Afinidad parcial en seguridad y salud ocupacional. Modalidad: 100% Remoto en Colombia confirmado.,Nueva,
5c1c43e8151646eb,2026-09-22 05:09,Cartagena -consultor psicólogo especialista sst independiente,Confidencial,55.0%,Remoto,https://www.elempleo.com/co/ofertas-trabajo/cartagena-consultor-psicologo-especialista-sst-independiente-1886764943,,[Afinidad: 55/100 - Afinidad Moderada] Afinidad parcial en seguridad y salud ocupacional. Modalidad: 100% Remoto en Colombia confirmado.,Nueva,
8b77e05e299277ac,2026-09-22 05:09,Bogota- psicólogo especialista sst consultor independiente,Confidencial,55.0%,Remoto,https://www.elempleo.com/co/ofertas-trabajo/bogota-psicologo-especialista-sst-consultor-independiente-1886769274,,[Afinidad: 55/100 - Afinidad Moderada] Afinidad parcial en seguridad y salud ocupacional. Modalidad: 100% Remoto en Colombia confirmado.,Nueva,
caec2bc618b7c929,2026-09-22 05:09,Barranquilla - consultor psicólogo especialista sst independiente,Confidencial,55.0%,Remoto,https://www.elempleo.com/co/ofertas-trabajo/barranquilla-consultor-psicologo-especialista-sst-independiente-1886763915,,[Afinidad: 55/100 - Afinidad Moderada] Afinidad parcial en seguridad y salud ocupacional. Modalidad: 100% Remoto en Colombia confirmado.,Nueva,
3cd4840075db8bba,2026-09-22 05:09,Barranquilla - consultor psicólogo especialista sst independiente,Confidencial,55.0%,Remoto,https://www.elempleo.com/co/ofertas-trabajo/barranquilla-consultor-psicologo-especialista-sst-independiente-1886746264,,[Afinidad: 55/100 - Afinidad Moderada] Afinidad parcial en seguridad y salud ocupacional. Modalidad: 100% Remoto en Colombia confirmado.,Nueva,
1e6baed6c22e66e5,2026-09-22 05:09,Bogota - consultor psicólogo especialista sst independiente,Confidencial,55.0%,Remoto,https://www.elempleo.com/co/ofertas-trabajo/bogota-consultor-psicologo-especialista-sst-independiente-1886746058,,[Afinidad: 55/100 - Afinidad Moderada] Afinidad parcial en seguridad y salud ocupacional. Modalidad: 100% Remoto en Colombia confirmado.,Nueva,
38789d9a0608d840,2026-09-22 05:09,Bogota- psicólogo especialista sst consultor independiente,Confidencial,55.0%,Remoto,https://www.elempleo.com/co/ofertas-trabajo/bogota-psicologo-especialista-sst-consultor-independiente-1886744293,,[Afinidad: 55/100 - Afinidad Moderada] Afinidad parcial en seguridad y salud ocupacional. Modalidad: 100% Remoto en Colombia confirmado.,Nueva,
10cf16645266a188,2026-09-22 05:09,Bogota - consultor psicólogo especialista sst independiente,Confidencial,55.0%,Remoto,https://www.elempleo.com/co/ofertas-trabajo/bogota-consultor-psicologo-especialista-sst-independiente-1886754444,,[Afinidad: 55/100 - Afinidad Moderada] Afinidad parcial en seguridad y salud ocupacional. Modalidad: 100% Remoto en Colombia confirmado.,Nueva,
9d63e5860eb4f511,2026-09-22 05:09,Coordinador sst,Confidencial,55.0%,Remoto,https://www.elempleo.com/co/ofertas-trabajo/coordinador-sst-1886756694,,[Afinidad: 55/100 - Afinidad Moderada] Afinidad parcial en seguridad y salud ocupacional. Modalidad: 100% Remoto en Colombia confirmado.,Nueva,
b6fc490e7d1cb302,2026-09-22 05:09,Coordinador sst,Confidencial,55.0%,Remoto,https://www.elempleo.com/co/ofertas-trabajo/coordinador-sst-1886755615,,[Afinidad: 55/100 - Afinidad Moderada] Afinidad parcial en seguridad y salud ocupacional. Modalidad: 100% Remoto en Colombia confirmado.,Nueva,
89b0a50a441c6311,2026-09-22 05:09,Coordinador sst,Ingeurbe S.A,55.0%,Remoto,https://www.elempleo.com/co/ofertas-trabajo/coordinador-sst-1886751696,,[Afinidad: 55/100 - Afinidad Moderada] Afinidad parcial en seguridad y salud ocupacional. Modalidad: 100% Remoto en Colombia confirmado.,Nueva,
dbd929b4729965e4,2026-09-22 05:09,Coordinador sst cali,PROMOAMBIENTAL DISTRITO SAS ESP,55.0%,Remoto,https://www.elempleo.com/co/ofertas-trabajo/coordinador-sst-cali-1886763306,,[Afinidad: 55/100 - Afinidad Moderada] Afinidad parcial en seguridad y salud ocupacional. Modalidad: 100% Remoto en Colombia confirmado.,Nueva,
c3693cc02f73e3a5,2026-09-22 05:09,Inspector o coordinador sst,ADECCO COLOMBIA S A,55.0%,Remoto,https://www.elempleo.com/co/ofertas-trabajo/inspector-o-coordinador-sst-1886747212,,[Afinidad: 55/100 - Afinidad Moderada] Afinidad parcial en seguridad y salud ocupacional. Modalidad: 100% Remoto en Colombia confirmado.,Nueva,
202995b9333b4f87,2026-09-22 05:09,Coordinador sst sector manufactura,Confidencial,55.0%,Remoto,https://www.elempleo.com/co/ofertas-trabajo/coordinador-sst-sector-manufactura-1886742930,,[Afinidad: 55/100 - Afinidad Moderada] Afinidad parcial en seguridad y salud ocupacional. Modalidad: 100% Remoto en Colombia confirmado.,Nueva,
b84b7270d3c00390,2026-09-22 05:09,Coordinador de sst - tunja boyaca,Clínica Medilaser S.A.S,55.0%,Remoto,https://www.elempleo.com/co/ofertas-trabajo/coordinador-de-sst-tunja-boyaca-1886756822,,[Afinidad: 55/100 - Afinidad Moderada] Afinidad parcial en seguridad y salud ocupacional. Modalidad: 100% Remoto en Colombia confirmado.,Nueva,
e2d49218b20ec3d4,2026-09-22 05:09,Coordinador sst profesional bogota y aledaños,Automatizacion Integ,55.0%,Remoto,https://www.elempleo.com/co/ofertas-trabajo/coordinador-sst-profesional-bogota-y-aledanos-1886766934,,[Afinidad: 55/100 - Afinidad Moderada] Afinidad parcial en seguridad y salud ocupacional. Modalidad: 100% Remoto en Colombia confirmado.,Nueva,
c9ddc083f60a3c14,2026-09-22 05:09,Coordinadora de sst,Confidencial,55.0%,Remoto,https://www.elempleo.com/co/ofertas-trabajo/coordinadora-de-sst-1886764987,,[Afinidad: 55/100 - Afinidad Moderada] Afinidad parcial en seguridad y salud ocupacional. Modalidad: 100% Remoto en Colombia confirmado.,Nueva,
7f87b552f8374594,2026-09-22 05:09,Coordinador sst,Confidencial,55.0%,Remoto,https://www.elempleo.com/co/ofertas-trabajo/coordinador-sst-1886745545,,[Afinidad: 55/100 - Afinidad Moderada] Afinidad parcial en seguridad y salud ocupacional. Modalidad: 100% Remoto en Colombia confirmado.,Nueva,
da412525716fc949,2026-09-22 05:09,Coordinador sst,Confidencial,55.0%,Remoto,https://www.elempleo.com/co/ofertas-trabajo/coordinador-sst-1886758307,,[Afinidad: 55/100 - Afinidad Moderada] Afinidad parcial en seguridad y salud ocupacional. Modalidad: 100% Remoto en Colombia confirmado.,Nueva,
6a236142b439c2df,2026-09-22 05:09,Profesional sg-sst - bogotá sector salud,Confidencial,55.0%,Remoto,https://www.elempleo.com/co/ofertas-trabajo/profesional-sgsst-bogota-sector-salud-1886722019,,[Afinidad: 55/100 - Afinidad Moderada] Alta coincidencia en gestión de Seguridad y Salud en el Trabajo (SST). Modalidad: 100% Remoto en Colombia confirmado.,Nueva,
183be09bac3981ff,2026-09-22 05:09,Auxiliar de seguridad y salud en el trabajo,SUMMAR PRODUCTIVIDAD S.A.S,55.0%,Remoto,https://www.elempleo.com/co/ofertas-trabajo/auxiliar-de-seguridad-y-salud-en-el-trabajo-sgsst-1886760290,,[Afinidad: 55/100 - Afinidad Moderada] Alta coincidencia en gestión de Seguridad y Salud en el Trabajo (SST). Modalidad: 100% Remoto en Colombia confirmado.,Nueva,
e458abda6c8c6a4d,2026-09-22 05:09,Residente SG-SST,Hunter Douglas Colombia,55.0%,Remoto,https://co.linkedin.com/jobs/view/residente-sg-sst-at-hunter-douglas-colombia-4467388359,,[Afinidad: 55/100 - Afinidad Moderada] Alta coincidencia en gestión de Seguridad y Salud en el Trabajo (SST). Modalidad: 100% Remoto en Colombia confirmado.,Nueva,
c9c1198f936f8f92,2026-09-22 05:09,Coordinador SST,TEMPOTRABAJO S.A.S,55.0%,Remoto,https://co.linkedin.com/jobs/view/coordinador-sst-at-tempotrabajo-s-a-s-4463662684,,[Afinidad: 55/100 - Afinidad Moderada] Afinidad parcial en seguridad y salud ocupacional. Modalidad: 100% Remoto en Colombia confirmado.,Nueva,
a3c876ff52d7c00a,2026-09-22 05:09,COORDINADOR SST,"Instalaciones Hidráulicas, Sanitarias y de Gas Inocencio López SAS",55.0%,Remoto,https://co.linkedin.com/jobs/view/coordinador-sst-at-instalaciones-hidr%C3%A1ulicas-sanitarias-y-de-gas-inocencio-l%C3%B3pez-sas-4423097456,,[Afinidad: 55/100 - Afinidad Moderada] Afinidad parcial en seguridad y salud ocupacional. Modalidad: 100% Remoto en Colombia confirmado.,Nueva,
edfd638496b96148,2026-09-22 05:09,Especialista en diseño geométrico,HMV Ingenieros,55.0%,Remoto,https://co.linkedin.com/jobs/view/especialista-en-dise%C3%B1o-geom%C3%A9trico-at-hmv-ingenieros-4444748663,,[Afinidad: 55/100 - Afinidad Moderada] Afinidad parcial en infraestructura vial y transporte. Modalidad: 100% Remoto en Colombia confirmado.,Nueva,
7e3c2555b7ec0e75,2026-09-22 05:09,Civil 3D Modeler,WSP en Colombia,55.0%,Remoto,https://co.linkedin.com/jobs/view/civil-3d-modeler-at-wsp-en-colombia-4459262136,,[Afinidad: 55/100 - Afinidad Moderada] Afinidad parcial en infraestructura vial y transporte. Modalidad: 100% Remoto en Colombia confirmado.,Nueva,
c207043b76222b67,2026-09-22 05:09,Especialista Seguridad y Salud en el Trabajo,D1 S.A.S,55.0%,Remoto,https://co.linkedin.com/jobs/view/especialista-seguridad-y-salud-en-el-trabajo-at-d1-s-a-s-4460341281,,[Afinidad: 55/100 - Afinidad Moderada] Afinidad parcial en seguridad y salud ocupacional. Modalidad: 100% Remoto en Colombia confirmado.,Nueva,
3cbe044b124adb25,2026-09-22 05:09,Coordinador/a Plan estratégico de seguridad vial,EMPRESA TRANSPORTADORA SAN GABRIEL SAS,53.0%,Remoto,https://co.computrabajo.com/ofertas-de-trabajo/oferta-de-trabajo-de-coordinadora-plan-estrategico-de-seguridad-vial-pesv-bogota-en-bogota-dc-2AE9BF94CB16F8FA61373E686DCF3405,"$ 3.710.000,00 (Mensual)","[Afinidad: 53/100 - Afinidad Moderada] Alta coincidencia técnica en infraestructura vial, diseño geométrico y pavimentos. Modalidad: 100% Remoto en Colombia confirmado.",Nueva,
f93c2e5eedb2fde7,2026-09-22 05:09,Coordinador seguridad industrial y sst - plantas de producción,Confidencial,53.0%,Remoto,https://www.elempleo.com/co/ofertas-trabajo/coordinador-seguridad-industrial-y-sst-plantas-de-produccion-1886745985,,[Afinidad: 53/100 - Afinidad Moderada] Alta coincidencia en gestión de Seguridad y Salud en el Trabajo (SST). Modalidad: 100% Remoto en Colombia confirmado.,Nueva,
a1c66287744c7791,2026-09-22 05:09,Coordinador/a Plan estratégico de seguridad vial,Empresa Transportadora San Gabriel S.A.S.,53.0%,Remoto,https://co.linkedin.com/jobs/view/coordinador-a-plan-estrat%C3%A9gico-de-seguridad-vial-pesv-at-empresa-transportadora-san-gabriel-s-a-s-4469263436,,"[Afinidad: 53/100 - Afinidad Moderada] Alta coincidencia técnica en infraestructura vial, diseño geométrico y pavimentos. Modalidad: 100% Remoto en Colombia confirmado.",Nueva,
aab045c9be9eca86,2026-09-22 03:17,Ingeniero infraestructura - bilingue - remoto,MICHAEL PAGE INTERNATIONAL,50.0%,Remoto,https://www.elempleo.com/co/ofertas-trabajo/ingeniero-infraestructura-bilingue-remoto-1886744267,,[Afinidad: 50/100 - Afinidad Moderada] Afinidad parcial en infraestructura vial y transporte. Modalidad: 100% Remoto en Colombia confirmado.,Nueva,
1a61ce5041122a0a,2026-09-22 03:17,Ingeniero de infraestructura (servidores/aws) - remoto,Cinte Colombia SAS,50.0%,Remoto,https://www.elempleo.com/co/ofertas-trabajo/ingeniero-de-infraestructura-servidores-aws-remoto-1886744007,,[Afinidad: 50/100 - Afinidad Moderada] Afinidad parcial en infraestructura vial y transporte. Modalidad: 100% Remoto en Colombia confirmado.,Nueva,
1c3cc968f8905c3e,2026-09-22 03:17,Ingeniero/a de infraestructura y conectividad cloud remoto,TALYCAP GLOBAL SAS,50.0%,Remoto,https://www.elempleo.com/co/ofertas-trabajo/ingeniero-a-de-infraestructura-y-conectividad-cloud-remoto-1886768627,,[Afinidad: 50/100 - Afinidad Moderada] Afinidad parcial en infraestructura vial y transporte. Modalidad: 100% Remoto en Colombia confirmado.,Nueva,
d1d0c6736a34b513,2026-09-22 03:17,Ingeniero/a de infraestructura y conectividad cloud 100% remoto,TALYCAP GLOBAL SAS,50.0%,Remoto,https://www.elempleo.com/co/ofertas-trabajo/ingeniero-a-de-infraestructura-y-conectividad-cloud-100-remoto-1886768625,,[Afinidad: 50/100 - Afinidad Moderada] Afinidad parcial en infraestructura vial y transporte. Modalidad: 100% Remoto en Colombia confirmado.,Nueva,
ec4f785d321ad6f2,2026-09-22 03:17,Ingeniero de infraestructura,Confidencial,50.0%,Remoto,https://www.elempleo.com/co/ofertas-trabajo/ingeniero-de-infraestructura-1886755031,,[Afinidad: 50/100 - Afinidad Moderada] Afinidad parcial en infraestructura vial y transporte. Modalidad: 100% Remoto en Colombia confirmado.,Nueva,
0948ea95da6f92b1,2026-09-22 03:17,Director de interventoría concesión,Confidencial,50.0%,Remoto,https://www.elempleo.com/co/ofertas-trabajo/director-de-interventoria-concesion-1886746971,,[Afinidad: 50/100 - Afinidad Moderada] Afinidad en disciplina base (Ingeniera Civil Especialista en Vías y SST) sin especialidad directa en vías/SST. Modalidad: 100% Remoto en Colombia confirmado.,Nueva,
c9f286b043467fde,2026-09-22 03:17,Director de interventoría proyectos de tecnología,Confidencial,50.0%,Remoto,https://www.elempleo.com/co/ofertas-trabajo/director-de-interventoria-proyectos-de-tecnologia-1886751669,,[Afinidad: 50/100 - Afinidad Moderada] Afinidad en disciplina base (Ingeniera Civil Especialista en Vías y SST) sin especialidad directa en vías/SST. Modalidad: 100% Remoto en Colombia confirmado.,Nueva,
1a624bde0aabf417,2026-09-22 03:17,Director de interventoria civil | yumbo - valle del cauca,INP PROYECTOS,50.0%,Remoto,https://www.elempleo.com/co/ofertas-trabajo/director-de-interventoria-civil-yumbo-valle-del-cauca-1886761247,,[Afinidad: 50/100 - Afinidad Moderada] Afinidad en disciplina base (Ingeniera Civil Especialista en Vías y SST) sin especialidad directa en vías/SST. Modalidad: 100% Remoto en Colombia confirmado.,Nueva,
5a15c71034d6360d,2026-09-22 03:17,"Director de interventoría / mosquera, cundinamarca",Confidencial,50.0%,Remoto,https://www.elempleo.com/co/ofertas-trabajo/director-de-interventoria-mosquera-cundinamarca-1886761828,,[Afinidad: 50/100 - Afinidad Moderada] Afinidad en disciplina base (Ingeniera Civil Especialista en Vías y SST) sin especialidad directa en vías/SST. Modalidad: 100% Remoto en Colombia confirmado.,Nueva,
deca148c608f5071,2026-09-22 03:17,Director hseq - chia,Confidencial,50.0%,Remoto,https://www.elempleo.com/co/ofertas-trabajo/director-hseq-chia-1886755279,,[Afinidad: 50/100 - Afinidad Moderada] Afinidad parcial en seguridad y salud ocupacional. Modalidad: 100% Remoto en Colombia confirmado.,Nueva,
158a5b888f4835d9,2026-09-22 03:17,Ingeniero Civil Senior Estructural Obras Hidráulicas,"IDOM Consulting, Engineering, Architecture",50.0%,Remoto,https://co.linkedin.com/jobs/view/ingeniero-civil-senior-estructural-obras-hidr%C3%A1ulicas-at-idom-consulting-engineering-architecture-4449786446,,[Afinidad: 50/100 - Afinidad Moderada] Afinidad en disciplina base (Ingeniera Civil Especialista en Vías y SST) sin especialidad directa en vías/SST. Modalidad: 100% Remoto en Colombia confirmado.,Nueva,
f1bdba926234f67e,2026-09-22 03:27,Director (a) Comercial ARL y SST,MASTER SST,50.0%,Remoto,https://co.computrabajo.com/ofertas-de-trabajo/oferta-de-trabajo-de-director-a-comercial-arl-y-sst-bogota-y-zonas-aledanas-en-bogota-dc-AD10DBD96F164F8C61373E686DCF3405,"$ 3.000.000,00 (Mensual) + Comisiones",[Afinidad: 50/100 - Afinidad Moderada] Afinidad parcial en seguridad y salud ocupacional. Modalidad: 100% Remoto en Colombia confirmado.,Nueva,
90c3670c335038e4,2026-09-22 05:09,Director de Proyecto,ADRIAN MAFIOLI Y CIA S.A.S,50.0%,Remoto,https://co.computrabajo.com/ofertas-de-trabajo/oferta-de-trabajo-de-director-de-proyecto-ingeniero-en-transporte-y-vias-ingeniero-civil-en-lebrija-04F373EC97EDC4CB61373E686DCF3405,,[Afinidad: 50/100 - Afinidad Moderada] Afinidad en disciplina base (Ingeniera Civil Especialista en Vías y SST) sin especialidad directa en vías/SST. Modalidad: 100% Remoto en Colombia confirmado.,Nueva,
1af0455db2f829b8,2026-09-22 05:09,Consultora en Seguridad y Salud en el trabajo,MEZZA Y CIA LTDA,50.0%,Remoto,https://co.computrabajo.com/ofertas-de-trabajo/oferta-de-trabajo-de-consultora-en-seguridad-y-salud-en-el-trabajo-en-bogota-dc-07E9BF3B6742F79361373E686DCF3405,Presencial y remoto,[Afinidad: 50/100 - Afinidad Moderada] Afinidad parcial en seguridad y salud ocupacional. Modalidad: 100% Remoto en Colombia confirmado.,Nueva,
1feadbd74bd9bfbe,2026-09-22 05:09,Director de interventoría,AMERICAS GBS SAS,50.0%,Remoto,https://co.computrabajo.com/ofertas-de-trabajo/oferta-de-trabajo-de-director-de-interventoria-director-de-obra-en--643E1A399D2C177561373E686DCF3405,,[Afinidad: 50/100 - Afinidad Moderada] Afinidad en disciplina base (Ingeniera Civil Especialista en Vías y SST) sin especialidad directa en vías/SST. Modalidad: 100% Remoto en Colombia confirmado.,Nueva,
58e1b7cc06edffaf,2026-09-22 05:09,Gerente de proyecto sector inmobiliario,AGENCIA DE EMPLEO COMFAMA,50.0%,Remoto,https://co.computrabajo.com/ofertas-de-trabajo/oferta-de-trabajo-de-gerente-de-proyecto-sector-inmobiliario-en-medellin-1D6BC514AC61985761373E686DCF3405,"$ 12.000.000,00 (Mensual)",[Afinidad: 50/100 - Afinidad Moderada] Afinidad en disciplina base (Ingeniera Civil Especialista en Vías y SST) sin especialidad directa en vías/SST. Modalidad: 100% Remoto en Colombia confirmado.,Nueva,
511ca640d20d7c32,2026-09-22 05:09,Ingeniero infraestructura - bilingue - remoto,MICHAEL PAGE INTERNATIONAL,50.0%,Remoto,https://www.elempleo.com/co/ofertas-trabajo/ingeniero-infraestructura-bilingue-remoto-1886744267,,[Afinidad: 50/100 - Afinidad Moderada] Afinidad parcial en infraestructura vial y transporte. Modalidad: 100% Remoto en Colombia confirmado.,Nueva,
c4c55096ea3e18ec,2026-09-22 05:09,Ingeniero de infraestructura (servidores/aws) - remoto,Cinte Colombia SAS,50.0%,Remoto,https://www.elempleo.com/co/ofertas-trabajo/ingeniero-de-infraestructura-servidores-aws-remoto-1886744007,,[Afinidad: 50/100 - Afinidad Moderada] Afinidad parcial en infraestructura vial y transporte. Modalidad: 100% Remoto en Colombia confirmado.,Nueva,
9bf756e884703fa1,2026-09-22 05:09,Ingeniero/a de infraestructura y conectividad cloud remoto,TALYCAP GLOBAL SAS,50.0%,Remoto,https://www.elempleo.com/co/ofertas-trabajo/ingeniero-a-de-infraestructura-y-conectividad-cloud-remoto-1886768627,,[Afinidad: 50/100 - Afinidad Moderada] Afinidad parcial en infraestructura vial y transporte. Modalidad: 100% Remoto en Colombia confirmado.,Nueva,
6f66992aface828b,2026-09-22 05:09,Ingeniero/a de infraestructura y conectividad cloud 100% remoto,TALYCAP GLOBAL SAS,50.0%,Remoto,https://www.elempleo.com/co/ofertas-trabajo/ingeniero-a-de-infraestructura-y-conectividad-cloud-100-remoto-1886768625,,[Afinidad: 50/100 - Afinidad Moderada] Afinidad parcial en infraestructura vial y transporte. Modalidad: 100% Remoto en Colombia confirmado.,Nueva,
aa9466dfe7d6ea2b,2026-09-22 05:09,Ingeniero de infraestructura,Confidencial,50.0%,Remoto,https://www.elempleo.com/co/ofertas-trabajo/ingeniero-de-infraestructura-1886755031,,[Afinidad: 50/100 - Afinidad Moderada] Afinidad parcial en infraestructura vial y transporte. Modalidad: 100% Remoto en Colombia confirmado.,Nueva,
b6b37cabc98817e3,2026-09-22 05:09,Director de interventoría concesión,Confidencial,50.0%,Remoto,https://www.elempleo.com/co/ofertas-trabajo/director-de-interventoria-concesion-1886746971,,[Afinidad: 50/100 - Afinidad Moderada] Afinidad en disciplina base (Ingeniera Civil Especialista en Vías y SST) sin especialidad directa en vías/SST. Modalidad: 100% Remoto en Colombia confirmado.,Nueva,
ce17946994d038a1,2026-09-22 05:09,Director de interventoría proyectos de tecnología,Confidencial,50.0%,Remoto,https://www.elempleo.com/co/ofertas-trabajo/director-de-interventoria-proyectos-de-tecnologia-1886751669,,[Afinidad: 50/100 - Afinidad Moderada] Afinidad en disciplina base (Ingeniera Civil Especialista en Vías y SST) sin especialidad directa en vías/SST. Modalidad: 100% Remoto en Colombia confirmado.,Nueva,
bda13b98253a2a50,2026-09-22 05:09,Director de interventoria civil | yumbo - valle del cauca,INP PROYECTOS,50.0%,Remoto,https://www.elempleo.com/co/ofertas-trabajo/director-de-interventoria-civil-yumbo-valle-del-cauca-1886761247,,[Afinidad: 50/100 - Afinidad Moderada] Afinidad en disciplina base (Ingeniera Civil Especialista en Vías y SST) sin especialidad directa en vías/SST. Modalidad: 100% Remoto en Colombia confirmado.,Nueva,
5f9ea780b98f8c1e,2026-09-22 05:09,"Director de interventoría / mosquera, cundinamarca",Confidencial,50.0%,Remoto,https://www.elempleo.com/co/ofertas-trabajo/director-de-interventoria-mosquera-cundinamarca-1886761828,,[Afinidad: 50/100 - Afinidad Moderada] Afinidad en disciplina base (Ingeniera Civil Especialista en Vías y SST) sin especialidad directa en vías/SST. Modalidad: 100% Remoto en Colombia confirmado.,Nueva,
fc3b5b2ce1bd6c85,2026-09-22 05:09,Director hseq - chia,Confidencial,50.0%,Remoto,https://www.elempleo.com/co/ofertas-trabajo/director-hseq-chia-1886755279,,[Afinidad: 50/100 - Afinidad Moderada] Afinidad parcial en seguridad y salud ocupacional. Modalidad: 100% Remoto en Colombia confirmado.,Nueva,
7d9a8688b4af9ac9,2026-09-22 05:09,Ingeniero hseq - neiva,ICONTEC,50.0%,Remoto,https://www.elempleo.com/co/ofertas-trabajo/ingeniero-hseq-neiva-1886744084,,[Afinidad: 50/100 - Afinidad Moderada] Afinidad parcial en seguridad y salud ocupacional. Modalidad: 100% Remoto en Colombia confirmado.,Nueva,
9672c07df7f7c273,2026-09-22 05:09,Bogota - consultor de sistemas de gestion - hseq,Confidencial,50.0%,Remoto,https://www.elempleo.com/co/ofertas-trabajo/bogota-consultor-de-sistemas-de-gestion-hseq-1886769154,,[Afinidad: 50/100 - Afinidad Moderada] Afinidad parcial en seguridad y salud ocupacional. Modalidad: 100% Remoto en Colombia confirmado.,Nueva,
0a1acb8adf7421ab,2026-09-22 05:09,Medellin - consultor de sistemas de gestion - hseq,Confidencial,50.0%,Remoto,https://www.elempleo.com/co/ofertas-trabajo/medellin-consultor-de-sistemas-de-gestion-hseq-1886769144,,[Afinidad: 50/100 - Afinidad Moderada] Afinidad parcial en seguridad y salud ocupacional. Modalidad: 100% Remoto en Colombia confirmado.,Nueva,
df96de49b7d10c23,2026-09-22 05:09,Consultor(a) sistema de gestión hseq - bucaramanga,Confidencial,50.0%,Remoto,https://www.elempleo.com/co/ofertas-trabajo/consultora-sistema-de-gestion-hseq-bucaramanga-1886759378,,[Afinidad: 50/100 - Afinidad Moderada] Afinidad parcial en seguridad y salud ocupacional. Modalidad: 100% Remoto en Colombia confirmado.,Nueva,
40659dd2e41fd444,2026-09-22 05:09,Ingeniero topográfico - especialista senior,Confidencial,50.0%,Remoto,https://www.elempleo.com/co/ofertas-trabajo/ingeniero-topografico-especialista-senior-1886765054,,[Afinidad: 50/100 - Afinidad Moderada] Afinidad en disciplina base (Ingeniera Civil Especialista en Vías y SST) sin especialidad directa en vías/SST. Modalidad: 100% Remoto en Colombia confirmado.,Nueva,
7b0f7c3850ec6f61,2026-09-22 05:09,Coordinador (a) senior - especialista en bioequivalencias,LABORATORIOS BUSSIE,50.0%,Remoto,https://www.elempleo.com/co/ofertas-trabajo/coordinador-a-senior-especialista-en-bioequivalencias-1886769840,,[Afinidad: 50/100 - Afinidad Moderada] Afinidad en disciplina base (Ingeniera Civil Especialista en Vías y SST) sin especialidad directa en vías/SST. Modalidad: 100% Remoto en Colombia confirmado.,Nueva,
aeaf42aeea186cb0,2026-09-22 05:09,Profesional en sst o ingeniero esp en sst - rio negro,Quirón Prevención Colombia S.A.S,50.0%,Remoto,https://www.elempleo.com/co/ofertas-trabajo/profesional-en-sst-o-ingeniero-esp-en-sst-rio-negro-1886758412,,[Afinidad: 50/100 - Afinidad Moderada] Afinidad parcial en seguridad y salud ocupacional. Modalidad: 100% Remoto en Colombia confirmado.,Nueva,
07f1ee6c04e40269,2026-09-22 05:09,Profesional en sst o ingeniero esp en sst - rio negro,Quirón Prevención Colombia S.A.S,50.0%,Remoto,https://www.elempleo.com/co/ofertas-trabajo/profesional-en-sst-o-ingeniero-esp-en-sst-rio-negro-1886752068,,[Afinidad: 50/100 - Afinidad Moderada] Afinidad parcial en seguridad y salud ocupacional. Modalidad: 100% Remoto en Colombia confirmado.,Nueva,
09443eef5570ce96,2026-09-22 05:09,Director de proyecto movilidad,JAHV MC GREGOR S.A.S,50.0%,Remoto,https://www.elempleo.com/co/ofertas-trabajo/director-de-proyecto-movilidad-1886766486,,[Afinidad: 50/100 - Afinidad Moderada] Afinidad en disciplina base (Ingeniera Civil Especialista en Vías y SST) sin especialidad directa en vías/SST. Modalidad: 100% Remoto en Colombia confirmado.,Nueva,
b54c3610b3497128,2026-09-22 05:09,Líder proyectos e ingeniería,SinapSer,50.0%,Remoto,https://www.elempleo.com/co/ofertas-trabajo/lider-proyectos-e-ingenieria-1886749715,,[Afinidad: 50/100 - Afinidad Moderada] Afinidad en disciplina base (Ingeniera Civil Especialista en Vías y SST) sin especialidad directa en vías/SST. Modalidad: 100% Remoto en Colombia confirmado.,Nueva,
d554349d14476076,2026-09-22 05:09,Director de proyecto,Confidencial,50.0%,Remoto,https://www.elempleo.com/co/ofertas-trabajo/director-de-proyecto-1886769375,,[Afinidad: 50/100 - Afinidad Moderada] Afinidad en disciplina base (Ingeniera Civil Especialista en Vías y SST) sin especialidad directa en vías/SST. Modalidad: 100% Remoto en Colombia confirmado.,Nueva,
772da76a91611419,2026-09-22 05:09,Gerente de proyectos,SUMMAR PRODUCTIVIDAD S.A.S,50.0%,Remoto,https://www.elempleo.com/co/ofertas-trabajo/gerente-de-proyectos-1886767600,,[Afinidad: 50/100 - Afinidad Moderada] Afinidad en disciplina base (Ingeniera Civil Especialista en Vías y SST) sin especialidad directa en vías/SST. Modalidad: 100% Remoto en Colombia confirmado.,Nueva,
2fb7132270011cb4,2026-09-22 05:09,Gerente de proyecto tic,MANPOWER,50.0%,Remoto,https://www.elempleo.com/co/ofertas-trabajo/gerente-de-proyecto-tic-1886743669,,[Afinidad: 50/100 - Afinidad Moderada] Afinidad en disciplina base (Ingeniera Civil Especialista en Vías y SST) sin especialidad directa en vías/SST. Modalidad: 100% Remoto en Colombia confirmado.,Nueva,
3f55a2f61ab57bc3,2026-09-22 05:09,Gerente de proyectos para empresa de tecnología,Gattaca Outsourcing S.A.S.,50.0%,Remoto,https://www.elempleo.com/co/ofertas-trabajo/gerente-de-proyectos-para-empresa-de-tecnologia-1886747783,,[Afinidad: 50/100 - Afinidad Moderada] Afinidad en disciplina base (Ingeniera Civil Especialista en Vías y SST) sin especialidad directa en vías/SST. Modalidad: 100% Remoto en Colombia confirmado.,Nueva,
66e63adcbcc1d616,2026-09-22 05:09,Consultor de soporte gestión humana y sst,Confidencial,50.0%,Remoto,https://www.elempleo.com/co/ofertas-trabajo/consultor-de-soporte-gestion-humana-y-sst-1886759036,,[Afinidad: 50/100 - Afinidad Moderada] Afinidad parcial en seguridad y salud ocupacional. Modalidad: 100% Remoto en Colombia confirmado.,Nueva,
4b86da36a8f7b158,2026-09-22 05:09,Ingeniero esp en sst - palmira,Quirón Prevención Colombia S.A.S,50.0%,Remoto,https://www.elempleo.com/co/ofertas-trabajo/ingeniero-esp-en-sst-palmira-1886743728,,[Afinidad: 50/100 - Afinidad Moderada] Afinidad parcial en seguridad y salud ocupacional. Modalidad: 100% Remoto en Colombia confirmado.,Nueva,
0a9344b068ffdb17,2026-09-22 05:09,Ingeniero esp en sst - palmira,Quirón Prevención Colombia S.A.S,50.0%,Remoto,https://www.elempleo.com/co/ofertas-trabajo/ingeniero-esp-en-sst-palmira-1886760865,,[Afinidad: 50/100 - Afinidad Moderada] Afinidad parcial en seguridad y salud ocupacional. Modalidad: 100% Remoto en Colombia confirmado.,Nueva,
193cfde3b5dfbfaa,2026-09-22 05:09,Director(a) de talento humano y sst,Confidencial,50.0%,Remoto,https://www.elempleo.com/co/ofertas-trabajo/directora-de-talento-humano-y-sst-1886746502,,[Afinidad: 50/100 - Afinidad Moderada] Afinidad parcial en seguridad y salud ocupacional. Modalidad: 100% Remoto en Colombia confirmado.,Nueva,
6386ae2cdd0ca648,2026-09-22 05:09,Ingeniero hseq - hidrocarburos,ADECCO COLOMBIA S A,50.0%,Remoto,https://www.elempleo.com/co/ofertas-trabajo/ingeniero-hseq-hidrocarburos-1886757090,,[Afinidad: 50/100 - Afinidad Moderada] Afinidad parcial en seguridad y salud ocupacional. Modalidad: 100% Remoto en Colombia confirmado.,Nueva,
7e3a819c5137691c,2026-09-22 05:09,Bogota - consultor sistemas de gestión sst- con licencia en sst,Confidencial,50.0%,Remoto,https://www.elempleo.com/co/ofertas-trabajo/bogota-consultor-sistemas-de-gestion-sst-con-licencia-en-sst-1886759829,,[Afinidad: 50/100 - Afinidad Moderada] Afinidad parcial en seguridad y salud ocupacional. Modalidad: 100% Remoto en Colombia confirmado. Observación: Requiere Licencia en Seguridad y Salud en el Trabajo (SST) vigente.,Nueva,
8a9cbfc1b1d76c90,2026-09-22 05:09,Bogota - consultor sistemas de gestión sst- con licencia en sst,Confidencial,50.0%,Remoto,https://www.elempleo.com/co/ofertas-trabajo/bogota-consultor-sistemas-de-gestion-sst-con-licencia-en-sst-1886764895,,[Afinidad: 50/100 - Afinidad Moderada] Afinidad parcial en seguridad y salud ocupacional. Modalidad: 100% Remoto en Colombia confirmado. Observación: Requiere Licencia en Seguridad y Salud en el Trabajo (SST) vigente.,Nueva,
654baa524215581d,2026-09-22 05:09,Medellín - consultor sistemas de gestión sst- con licencia en sst,Confidencial,50.0%,Remoto,https://www.elempleo.com/co/ofertas-trabajo/medellin-consultor-sistemas-de-gestion-sst-con-licencia-en-sst-1886764969,,[Afinidad: 50/100 - Afinidad Moderada] Afinidad parcial en seguridad y salud ocupacional. Modalidad: 100% Remoto en Colombia confirmado. Observación: Requiere Licencia en Seguridad y Salud en el Trabajo (SST) vigente.,Nueva,
cfad72f86eb60cd6,2026-09-22 05:09,Consultor sst freelance,SELECTED HR,50.0%,Remoto,https://www.elempleo.com/co/ofertas-trabajo/consultor-sst-freelance-1886758665,,[Afinidad: 50/100 - Afinidad Moderada] Afinidad parcial en seguridad y salud ocupacional. Modalidad: 100% Remoto en Colombia confirmado.,Nueva,
b7e5ecf9972019b8,2026-09-22 05:09,Cali - consultor de sistemas de gestion sst independiente,Confidencial,50.0%,Remoto,https://www.elempleo.com/co/ofertas-trabajo/cali-consultor-de-sistemas-de-gestion-sst-independiente-1886766615,,[Afinidad: 50/100 - Afinidad Moderada] Afinidad parcial en seguridad y salud ocupacional. Modalidad: 100% Remoto en Colombia confirmado.,Nueva,
45156e9fe504104c,2026-09-22 05:09,Barranquilla - consultor de sistemas de gestion sst independiente,Confidencial,50.0%,Remoto,https://www.elempleo.com/co/ofertas-trabajo/barranquilla-consultor-de-sistemas-de-gestion-sst-independiente-1886765182,,[Afinidad: 50/100 - Afinidad Moderada] Afinidad parcial en seguridad y salud ocupacional. Modalidad: 100% Remoto en Colombia confirmado.,Nueva,
2414c05d0c98b4bf,2026-09-22 05:09,Consultor(a) sst - gestión del riesgo químico - barrancabermeja,Confidencial,50.0%,Remoto,https://www.elempleo.com/co/ofertas-trabajo/consultora-sst-gestion-del-riesgo-quimico-barrancabermeja-1886746280,,[Afinidad: 50/100 - Afinidad Moderada] Afinidad parcial en seguridad y salud ocupacional. Modalidad: 100% Remoto en Colombia confirmado.,Nueva,
3d360078771e726a,2026-09-22 05:09,Ingeniero hseq,CONCONCRETO S.A.,50.0%,Remoto,https://www.elempleo.com/co/ofertas-trabajo/ingeniero-hseq-1886755671,,[Afinidad: 50/100 - Afinidad Moderada] Afinidad parcial en seguridad y salud ocupacional. Modalidad: 100% Remoto en Colombia confirmado.,Nueva,
596e039a845e32eb,2026-09-22 05:09,Ingeniero de infraestructura ti,Confidencial,50.0%,Remoto,https://www.elempleo.com/co/ofertas-trabajo/ingeniero-de-infraestructura-ti-1886762110,,[Afinidad: 50/100 - Afinidad Moderada] Afinidad parcial en infraestructura vial y transporte. Modalidad: 100% Remoto en Colombia confirmado.,Nueva,
eff7bc9185d1d6d6,2026-09-22 05:09,"Avaluador - especialista senior en seguimiento, control e interventoría de obra.",Confidencial,50.0%,Remoto,https://www.elempleo.com/co/ofertas-trabajo/avaluador-especialista-senior-en-seguimiento-control-e-interventoria-de-obra-1886733468,,[Afinidad: 50/100 - Afinidad Moderada] Afinidad en disciplina base (Ingeniera Civil Especialista en Vías y SST) sin especialidad directa en vías/SST. Modalidad: 100% Remoto en Colombia confirmado.,Nueva,
4628b75d3c64d84f,2026-09-22 05:09,"Analista senior de control de proyectos sector inmobiliario, obra civil, construcción en bogota",MANPOWER,50.0%,Remoto,https://www.elempleo.com/co/ofertas-trabajo/analista-senior-de-control-de-proyectos-sector-inmobiliario-obra-civil-construccion-en-bogota-1886762627,,[Afinidad: 50/100 - Afinidad Moderada] Afinidad en disciplina base (Ingeniera Civil Especialista en Vías y SST) sin especialidad directa en vías/SST. Modalidad: 100% Remoto en Colombia confirmado.,Nueva,
a3bdfbb53c8050bc,2026-09-22 05:09,Líder Técnico - Colombia,SETI S.A.S,50.0%,Remoto,https://co.linkedin.com/jobs/view/l%C3%ADder-t%C3%A9cnico-colombia-at-seti-s-a-s-4464254507,,[Afinidad: 50/100 - Afinidad Moderada] Afinidad en disciplina base (Ingeniera Civil Especialista en Vías y SST) sin especialidad directa en vías/SST. Modalidad: 100% Remoto en Colombia confirmado.,Nueva,
9876a1d7b57c2e9d,2026-09-22 05:09,Diseñador Civil Senior/Senior Civil Designer,Pond & Company,50.0%,Remoto,https://co.linkedin.com/jobs/view/dise%C3%B1ador-civil-senior-senior-civil-designer-at-pond-company-4448248118,,[Afinidad: 50/100 - Afinidad Moderada] Afinidad en disciplina base (Ingeniera Civil Especialista en Vías y SST) sin especialidad directa en vías/SST. Modalidad: 100% Remoto en Colombia confirmado.,Nueva,
c5c945234866a1f1,2026-09-22 05:09,Gerente HSE - Barranquilla,ADAMA Ltd.,50.0%,Remoto,https://co.linkedin.com/jobs/view/gerente-hse-barranquilla-colombia-at-adama-ltd-4468291249,,[Afinidad: 50/100 - Afinidad Moderada] Afinidad parcial en seguridad y salud ocupacional. Modalidad: 100% Remoto en Colombia confirmado.,Nueva,
mock_nonmatch_008,2026-09-23 09:45,Especialista Hidráulico y Sanitario para Plantas de Tratamiento de Aguas Residuales,Aguas y Cuencas Ambientales S.A.S. E.S.P.,50.0%,Remoto,https://www.elempleo.com/co/ofertas-trabajo/mock-nonmatch-008,$ 7.500.000 COP,[Afinidad: 50/100 - Afinidad Moderada] Afinidad en disciplina base (Ingeniera Civil Especialista en Vías y SST) sin especialidad directa en vías/SST. Modalidad: 100% Remoto en Colombia confirmado.,Nueva,
4426b2c17306f519,2026-09-22 05:09,Residente de Seguridad y Salud en el trabajo,Cal y Mayor y Asociados S.C,48.0%,Remoto,https://co.computrabajo.com/ofertas-de-trabajo/oferta-de-trabajo-de-residente-de-seguridad-y-salud-en-el-trabajo-sst-sst-en-bogota-dc-D67E64C3D53E0D6961373E686DCF3405,"$ 4.200.000,00 (Mensual)",[Afinidad: 48/100 - Baja Afinidad] Alta coincidencia en gestión de Seguridad y Salud en el Trabajo (SST). Modalidad: 100% Remoto en Colombia confirmado.,Nueva,
83015d6afb890f1d,2026-09-22 05:09,Analista/profesional HSEQ / SST Sesquile o Alrededores,ACTIVOS S A S,48.0%,Remoto,https://co.computrabajo.com/ofertas-de-trabajo/oferta-de-trabajo-de-analistaprofesional-hseq-sst-sesquile-o-alrededores-sector-consumo-masivo-en-sesquile-632A9566338A59E361373E686DCF3405,"$ 4.000.000,00 (Mensual)",[Afinidad: 48/100 - Baja Afinidad] Alta coincidencia en gestión de Seguridad y Salud en el Trabajo (SST). Modalidad: 100% Remoto en Colombia confirmado.,Nueva,
8ea51395379548db,2026-09-22 05:09,Analista de SST/Inspector HSEQ Cartagena / si estas dispuesto a mudarte aplica,Tiempos SAS,48.0%,Remoto,https://co.computrabajo.com/ofertas-de-trabajo/oferta-de-trabajo-de-analista-de-sstinspector-hseq-cartagena-si-estas-dispuesto-a-mudarte-aplica-reclutamiento-nacional-en-cartagena-de-indias-B7EEDFB24467FA5561373E686DCF3405,"$ 4.000.000,00 (Mensual)",[Afinidad: 48/100 - Baja Afinidad] Alta coincidencia en gestión de Seguridad y Salud en el Trabajo (SST). Modalidad: 100% Remoto en Colombia confirmado.,Nueva,
320b8f08496a2670,2026-09-22 05:09,Analista HSEQ SST,Importante empresa del sector,48.0%,Remoto,https://co.computrabajo.com/ofertas-de-trabajo/oferta-de-trabajo-de-analista-hseq-sst-en-bogota-dc-4F507CBF0E27FD0E61373E686DCF3405,"$ 1.750.905,00 (Mensual)",[Afinidad: 48/100 - Baja Afinidad] Alta coincidencia en gestión de Seguridad y Salud en el Trabajo (SST). Modalidad: 100% Remoto en Colombia confirmado.,Nueva,
bc0b38b5129e0905,2026-09-22 05:09,Profesional en seguridad y salud en el trabajo SST,Seguridad y Vigilancia Exito de Colombia,48.0%,Remoto,https://co.computrabajo.com/ofertas-de-trabajo/oferta-de-trabajo-de-profesional-en-seguridad-y-salud-en-el-trabajo-sst-con-experiencia-y-conocimiento-en-pesv-en-bogota-dc-A7CA6F8805D1C53B61373E686DCF3405,"$ 3.200.000,00 (Mensual)",[Afinidad: 48/100 - Baja Afinidad] Alta coincidencia en gestión de Seguridad y Salud en el Trabajo (SST). Modalidad: 100% Remoto en Colombia confirmado.,Nueva,
e15ce00dbe5c21b5,2026-09-22 05:09,Tecnólogo HSEQ / Seguridad y Salud en el Trabajo,Lighgen Ingeniería Ltda,48.0%,Remoto,https://co.computrabajo.com/ofertas-de-trabajo/oferta-de-trabajo-de-tecnologo-hseq-seguridad-y-salud-en-el-trabajo-con-experiencia-2-anos-en-bogota-dc-87DB3FCAFEA8E12861373E686DCF3405,,[Afinidad: 48/100 - Baja Afinidad] Alta coincidencia en gestión de Seguridad y Salud en el Trabajo (SST). Modalidad: 100% Remoto en Colombia confirmado.,Nueva,
1f3bf8b16a58f0b4,2026-09-22 05:09,Inspector (a) de vias y urbanismo,METRO LINEA 1 S.A.S.,48.0%,Remoto,https://www.elempleo.com/co/ofertas-trabajo/inspector-a-de-vias-y-urbanismo-1886728733,,"[Afinidad: 48/100 - Baja Afinidad] Alta coincidencia técnica en infraestructura vial, diseño geométrico y pavimentos. Modalidad: 100% Remoto en Colombia confirmado.",Nueva,
8fd843a922654d9e,2026-09-22 05:09,Oficial de obra,TERMOTECNICA COINDUSTRIAL SAS,48.0%,Remoto,https://www.elempleo.com/co/ofertas-trabajo/oficial-de-obra-puentevias-1886766237,,"[Afinidad: 48/100 - Baja Afinidad] Alta coincidencia técnica en infraestructura vial, diseño geométrico y pavimentos. Modalidad: 100% Remoto en Colombia confirmado.",Nueva,
03eab73111095faa,2026-09-22 05:09,Residente estructuras,CONCONCRETO S.A.,48.0%,Remoto,https://www.elempleo.com/co/ofertas-trabajo/residente-estructuras-experiencia-en-infraestructura-vial-y-talud-1886757305,,"[Afinidad: 48/100 - Baja Afinidad] Alta coincidencia técnica en infraestructura vial, diseño geométrico y pavimentos. Modalidad: 100% Remoto en Colombia confirmado.",Nueva,
c5911c7562546e3c,2026-09-22 05:09,Profesional con experiencia en el sector de transporte marítimo y/o por vías navegables,ICONTEC,48.0%,Remoto,https://www.elempleo.com/co/ofertas-trabajo/profesional-con-experiencia-en-el-sector-de-transporte-maritimo-y-o-por-vias-navegables-1886761682,,"[Afinidad: 48/100 - Baja Afinidad] Alta coincidencia técnica en infraestructura vial, diseño geométrico y pavimentos. Modalidad: 100% Remoto en Colombia confirmado.",Nueva,
c2903e245a44de39,2026-09-22 05:09,Encargado de obra,TERMOTECNICA COINDUSTRIAL SAS,48.0%,Remoto,https://www.elempleo.com/co/ofertas-trabajo/encargado-de-obra-puentes-vias-1886762620,,"[Afinidad: 48/100 - Baja Afinidad] Alta coincidencia técnica en infraestructura vial, diseño geométrico y pavimentos. Modalidad: 100% Remoto en Colombia confirmado.",Nueva,
a5bd833e8b837d34,2026-09-22 05:09,Residente en seguridad y salud en el trabajo,Confidencial,48.0%,Remoto,https://www.elempleo.com/co/ofertas-trabajo/residente-en-seguridad-y-salud-en-el-trabajo-sst-1886762728,,[Afinidad: 48/100 - Baja Afinidad] Alta coincidencia en gestión de Seguridad y Salud en el Trabajo (SST). Modalidad: 100% Remoto en Colombia confirmado.,Nueva,
55e7967f3b4afa02,2026-09-22 05:09,Tecnólogo/a en Seguridad y Salud en el Trabajo,EOSOL,48.0%,Remoto,https://co.linkedin.com/jobs/view/tecn%C3%B3logo-a-en-seguridad-y-salud-en-el-trabajo-sst-at-eosol-4464868638,,[Afinidad: 48/100 - Baja Afinidad] Alta coincidencia en gestión de Seguridad y Salud en el Trabajo (SST). Modalidad: 100% Remoto en Colombia confirmado.,Nueva,
6df905e482fe09b1,2026-09-22 05:09,Aprendiz SENA - Técnico(a) de Salud Ocupacional o Seguridad y Salud en el Trabajo - Ginebra,Cargill,48.0%,Remoto,https://co.linkedin.com/jobs/view/aprendiz-sena-t%C3%A9cnico-a-de-salud-ocupacional-o-seguridad-y-salud-en-el-trabajo-ginebra-at-cargill-4466994159,,[Afinidad: 48/100 - Baja Afinidad] Alta coincidencia en gestión de Seguridad y Salud en el Trabajo (SST). Modalidad: 100% Remoto en Colombia confirmado.,Nueva,
1772334a45880aca,2026-09-22 05:09,Analista de Seguridad y Salud en el Trabajo (SST) / Medellin,Domina Entrega Total S.A.S,48.0%,Remoto,https://co.linkedin.com/jobs/view/analista-de-seguridad-y-salud-en-el-trabajo-sst-medellin-at-domina-entrega-total-s-a-s-4462184090,,[Afinidad: 48/100 - Baja Afinidad] Alta coincidencia en gestión de Seguridad y Salud en el Trabajo (SST). Modalidad: 100% Remoto en Colombia confirmado.,Nueva,
06656fbb2d452086,2026-09-22 05:09,Residente de Seguridad y Salud en el trabajo,Grupo Cal y Mayor,48.0%,Remoto,https://co.linkedin.com/jobs/view/residente-de-seguridad-y-salud-en-el-trabajo-sst-at-cal-y-mayor-4468610572,,[Afinidad: 48/100 - Baja Afinidad] Alta coincidencia en gestión de Seguridad y Salud en el Trabajo (SST). Modalidad: 100% Remoto en Colombia confirmado.,Nueva,
7796e088dce85b5a,2026-09-22 05:09,Civil Engineer (Fire Sprinkler Design)),Hyremote,45.0%,Remoto,https://co.computrabajo.com/ofertas-de-trabajo/oferta-de-trabajo-de-civil-engineer-fire-sprinkler-design-english-c1-remote-en-bogota-dc-A2EE61A321FC0D3361373E686DCF3405,"$ 4.499.993,00 (Mensual)",[Afinidad: 45/100 - Baja Afinidad] Afinidad en disciplina base (Ingeniera Civil Especialista en Vías y SST) sin especialidad directa en vías/SST. Modalidad: 100% Remoto en Colombia confirmado.,Nueva,
48463526ca7c8ada,2026-09-22 05:09,Ingeniero Civil Especialista en Hidrología e Hidráulica,ATLAS INFRASTRUCTURE DESIGN LIMITED,45.0%,Remoto,https://co.computrabajo.com/ofertas-de-trabajo/oferta-de-trabajo-de-ingeniero-civil-especialista-en-hidrologia-e-hidraulica-tiempo-completo-en-remoto-y-de-larga-duracion-en-colombia-027FB718364F4C7761373E686DCF3405,Remoto,[Afinidad: 45/100 - Baja Afinidad] Afinidad en disciplina base (Ingeniera Civil Especialista en Vías y SST) sin especialidad directa en vías/SST. Modalidad: 100% Remoto en Colombia confirmado.,Nueva,
2d406567ceb21bf8,2026-09-22 05:09,Ingeniero Civil de Diseño,ATLAS INFRASTRUCTURE DESIGN LIMITED,45.0%,Remoto,https://co.computrabajo.com/ofertas-de-trabajo/oferta-de-trabajo-de-ingeniero-civil-de-diseno-tiempo-completo-en-remoto-en-colombia-4CB8F30B6D8FBF7261373E686DCF3405,Remoto,[Afinidad: 45/100 - Baja Afinidad] Afinidad en disciplina base (Ingeniera Civil Especialista en Vías y SST) sin especialidad directa en vías/SST. Modalidad: 100% Remoto en Colombia confirmado.,Nueva,
4d4013d19591d2a5,2026-09-22 05:09,Especialista en Salud y Seguridad en el trabajo con especialización en medio Ambiente,DEXTERA S.A.S,45.0%,Remoto,https://co.computrabajo.com/ofertas-de-trabajo/oferta-de-trabajo-de-especialista-en-salud-y-seguridad-en-el-trabajo-con-especializacion-en-medio-ambiente-en-bogota-dc-68C95C2F64D6648561373E686DCF3405,,[Afinidad: 45/100 - Baja Afinidad] Afinidad en disciplina base (Ingeniera Civil Especialista en Vías y SST) sin especialidad directa en vías/SST. Modalidad: 100% Remoto en Colombia confirmado.,Nueva,
cf70d2ca6e5c25de,2026-09-22 05:09,Ingeniero civil,Importante empresa del sector,45.0%,Remoto,https://co.computrabajo.com/ofertas-de-trabajo/oferta-de-trabajo-de-ingeniero-civil-con-experiencia-en-sistemas-fotovoltaicos-en-bogota-dc-8BCBCD7DF8FE589C61373E686DCF3405,"$ 3.300.000,00 (Mensual)",[Afinidad: 45/100 - Baja Afinidad] Afinidad en disciplina base (Ingeniera Civil Especialista en Vías y SST) sin especialidad directa en vías/SST. Modalidad: 100% Remoto en Colombia confirmado.,Nueva,
bb8237cc7ed8d56b,2026-09-22 05:09,Coordinador de Proyectos Mejoramientos de Vivienda,Socya,45.0%,Remoto,https://co.computrabajo.com/ofertas-de-trabajo/oferta-de-trabajo-de-coordinador-de-proyectos-mejoramientos-de-vivienda-medellin-antioquia-en-medellin-7E29781CFFD4058961373E686DCF3405,,[Afinidad: 45/100 - Baja Afinidad] Afinidad en disciplina base (Ingeniera Civil Especialista en Vías y SST) sin especialidad directa en vías/SST. Modalidad: 100% Remoto en Colombia confirmado.,Nueva,
c41dc091e876cb10,2026-09-22 05:09,Especialista de Milk Collection,LACTALIS,45.0%,Remoto,https://co.computrabajo.com/ofertas-de-trabajo/oferta-de-trabajo-de-especialista-de-milk-collection-optimizacion-y-analisis-de-datos-en-bogota-dc-B007F5172FEA6F6461373E686DCF3405,"$ 6.000.000,00 (Mensual)",[Afinidad: 45/100 - Baja Afinidad] Afinidad en disciplina base (Ingeniera Civil Especialista en Vías y SST) sin especialidad directa en vías/SST. Modalidad: 100% Remoto en Colombia confirmado.,Nueva,
4f38d6c20430e4bb,2026-09-22 05:09,ingeniero civil,EVALTEC S.A.S.,45.0%,Remoto,https://co.computrabajo.com/ofertas-de-trabajo/oferta-de-trabajo-de-ingeniero-civil-o-areas-afines-en-medellin-0E02F682AB12631061373E686DCF3405,,[Afinidad: 45/100 - Baja Afinidad] Afinidad en disciplina base (Ingeniera Civil Especialista en Vías y SST) sin especialidad directa en vías/SST. Modalidad: 100% Remoto en Colombia confirmado.,Nueva,
af38dd28fbbad8f4,2026-09-22 05:09,Tecnólogo Auxiliar Civil,Importante empresa del sector,45.0%,Remoto,https://co.computrabajo.com/ofertas-de-trabajo/oferta-de-trabajo-de-tecnologo-auxiliar-civil-antioquia-en-liborina-B380460DDA9F98D061373E686DCF3405,,[Afinidad: 45/100 - Baja Afinidad] Afinidad en disciplina base (Ingeniera Civil Especialista en Vías y SST) sin especialidad directa en vías/SST. Modalidad: 100% Remoto en Colombia confirmado.,Nueva,
7cc53930dd68fddd,2026-09-22 05:09,Líder de Seguridad y salud en el trabajo,Importante empresa del sector,45.0%,Remoto,https://co.computrabajo.com/ofertas-de-trabajo/oferta-de-trabajo-de-lider-de-seguridad-y-salud-en-el-trabajo-en-bogota-dc-1FA3664D15D5571061373E686DCF3405,,[Afinidad: 45/100 - Baja Afinidad] Afinidad parcial en seguridad y salud ocupacional. Modalidad: 100% Remoto en Colombia confirmado.,Nueva,
19e74768ce848880,2026-09-22 05:09,Coordinador HSEQ,Agencia de empleo de Comfenalco Cartagena,45.0%,Remoto,https://co.computrabajo.com/ofertas-de-trabajo/oferta-de-trabajo-de-coordinador-hseq-especialista-en-seguridad-y-salud-en-el-trabajo-salud-ocupacional-en-cartagena-de-indias-1EAF6570FC054C2661373E686DCF3405,"$ 2.500.000,00 (Mensual)",[Afinidad: 45/100 - Baja Afinidad] Afinidad parcial en seguridad y salud ocupacional. Modalidad: 100% Remoto en Colombia confirmado.,Nueva,
38c9a9481706de58,2026-09-22 05:09,Coordinador de seguridad vial y monitoreo,MEGACOMERCIAL S.A.S,45.0%,Remoto,https://co.computrabajo.com/ofertas-de-trabajo/oferta-de-trabajo-de-coordinador-de-seguridad-vial-y-monitoreo-abierto-a-nivel-nacional-en-bogota-dc-B9B593A780889F2A61373E686DCF3405,"$ 5.000.000,00 (Mensual)",[Afinidad: 45/100 - Baja Afinidad] Afinidad parcial en infraestructura vial y transporte. Modalidad: 100% Remoto en Colombia confirmado.,Nueva,
aecc6c18fdd71383,2026-09-22 05:09,Coordinador de PESV,Agencia de Empleo de Comfenalco Antioquia,45.0%,Remoto,https://co.computrabajo.com/ofertas-de-trabajo/oferta-de-trabajo-de-coordinador-de-pesv-en-medellin-67C3B78E9A85885161373E686DCF3405,"$ 2.800.000,00 (Mensual)",[Afinidad: 45/100 - Baja Afinidad] Afinidad parcial en infraestructura vial y transporte. Modalidad: 100% Remoto en Colombia confirmado.,Nueva,
1558fc20863bdd35,2026-09-22 05:09,Coordinador HSEQ,COMPAÑIA DE INGENIEROS CONSTRUCTORES S.A.S.,45.0%,Remoto,https://co.computrabajo.com/ofertas-de-trabajo/oferta-de-trabajo-de-coordinador-hseq-en-barranquilla-F4898EBB71CAF3ED61373E686DCF3405,,[Afinidad: 45/100 - Baja Afinidad] Afinidad parcial en seguridad y salud ocupacional. Modalidad: 100% Remoto en Colombia confirmado.,Nueva,
0bf63022dc93885b,2026-09-22 05:09,ingeniero civil,FRANCISCO ANGULO M INGENIEROS S.A.S.,45.0%,Remoto,https://co.computrabajo.com/ofertas-de-trabajo/oferta-de-trabajo-de-ingeniero-civil-residente-de-interventoria-yo-supervision-tecnica-en-cali-D2AE78FA9B23778161373E686DCF3405,,[Afinidad: 45/100 - Baja Afinidad] Afinidad en disciplina base (Ingeniera Civil Especialista en Vías y SST) sin especialidad directa en vías/SST. Modalidad: 100% Remoto en Colombia confirmado.,Nueva,
baa61a6e15a2de77,2026-09-22 05:09,Arquitecto(a) / Ingeniero(a) Civil,Importante empresa del sector,45.0%,Remoto,https://co.computrabajo.com/ofertas-de-trabajo/oferta-de-trabajo-de-arquitectoa-ingenieroa-civil-en-bucaramanga-8D15AF34F304555F61373E686DCF3405,,[Afinidad: 45/100 - Baja Afinidad] Afinidad en disciplina base (Ingeniera Civil Especialista en Vías y SST) sin especialidad directa en vías/SST. Modalidad: 100% Remoto en Colombia confirmado.,Nueva,
448d93b15d9b7dec,2026-09-22 05:09,Ingeniero especialista fortinet,ATCG DE COLOMBIA S.A.S,45.0%,Remoto,https://www.elempleo.com/co/ofertas-trabajo/ingeniero-especialista-fortinet-1886742914,,[Afinidad: 45/100 - Baja Afinidad] Afinidad en disciplina base (Ingeniera Civil Especialista en Vías y SST) sin especialidad directa en vías/SST. Modalidad: 100% Remoto en Colombia confirmado.,Nueva,
f2fc6f9471f81665,2026-09-22 05:09,Coordinador/a nacional de redes e infraestructura de ti - presencial bucaramanga,Confidencial,45.0%,Remoto,https://www.elempleo.com/co/ofertas-trabajo/coordinador-a-nacional-de-redes-e-infraestructura-de-ti-presencial-bucaramanga-1886769481,,[Afinidad: 45/100 - Baja Afinidad] Afinidad parcial en infraestructura vial y transporte. Modalidad: 100% Remoto en Colombia confirmado.,Nueva,
53e1a775996a36c5,2026-09-22 05:09,Ingeniero civil,Proyectos de Diseño y Construccion sas,45.0%,Remoto,https://www.elempleo.com/co/ofertas-trabajo/ingeniero-civil-1886757049,,[Afinidad: 45/100 - Baja Afinidad] Afinidad en disciplina base (Ingeniera Civil Especialista en Vías y SST) sin especialidad directa en vías/SST. Modalidad: 100% Remoto en Colombia confirmado.,Nueva,
1072d76e2f18ea50,2026-09-22 05:09,Ingeniero civil,R2P SOLUCIONES Y CONSTRUCCIONES SAS,45.0%,Remoto,https://www.elempleo.com/co/ofertas-trabajo/ingeniero-civil-1886758475,,[Afinidad: 45/100 - Baja Afinidad] Afinidad en disciplina base (Ingeniera Civil Especialista en Vías y SST) sin especialidad directa en vías/SST. Modalidad: 100% Remoto en Colombia confirmado.,Nueva,
2c943591cc334f5a,2026-09-22 05:09,Ejecutivo/ade ingeniera,Confidencial,45.0%,Remoto,https://www.elempleo.com/co/ofertas-trabajo/ejecutivo-ade-ingeniera-1886752134,,[Afinidad: 45/100 - Baja Afinidad] Afinidad en disciplina base (Ingeniera Civil Especialista en Vías y SST) sin especialidad directa en vías/SST. Modalidad: 100% Remoto en Colombia confirmado.,Nueva,
7d4067502e572780,2026-09-22 05:09,Ingeniera de ventas - cali,PIPOL EXPERT SAS,45.0%,Remoto,https://www.elempleo.com/co/ofertas-trabajo/ingeniera-de-ventas-cali-1886754430,,[Afinidad: 45/100 - Baja Afinidad] Afinidad en disciplina base (Ingeniera Civil Especialista en Vías y SST) sin especialidad directa en vías/SST. Modalidad: 100% Remoto en Colombia confirmado.,Nueva,
a3a688084650de1c,2026-09-22 05:09,Ingeniera comercial electrica - cali,PIPOL EXPERT SAS,45.0%,Remoto,https://www.elempleo.com/co/ofertas-trabajo/ingeniera-comercial-electrica-cali-1886752104,,[Afinidad: 45/100 - Baja Afinidad] Afinidad en disciplina base (Ingeniera Civil Especialista en Vías y SST) sin especialidad directa en vías/SST. Modalidad: 100% Remoto en Colombia confirmado.,Nueva,
359d47915a2e74e6,2026-09-22 05:09,Supervisor civil - obra,CONCONCRETO S.A.,45.0%,Remoto,https://www.elempleo.com/co/ofertas-trabajo/supervisor-civil-obra-1886750435,,[Afinidad: 45/100 - Baja Afinidad] Afinidad en disciplina base (Ingeniera Civil Especialista en Vías y SST) sin especialidad directa en vías/SST. Modalidad: 100% Remoto en Colombia confirmado.,Nueva,
78244d2897084f6a,2026-09-22 05:09,Ingeniera comercial sector industrial - cali,PIPOL EXPERT SAS,45.0%,Remoto,https://www.elempleo.com/co/ofertas-trabajo/ingeniera-comercial-sector-industrial-cali-1886753949,,[Afinidad: 45/100 - Baja Afinidad] Afinidad en disciplina base (Ingeniera Civil Especialista en Vías y SST) sin especialidad directa en vías/SST. Modalidad: 100% Remoto en Colombia confirmado.,Nueva,
a4d1239b8910f7cf,2026-09-22 05:09,Ingeniera electrica comercial - bogotá,PIPOL EXPERT SAS,45.0%,Remoto,https://www.elempleo.com/co/ofertas-trabajo/ingeniera-electrica-comercial-bogota-1886756984,,[Afinidad: 45/100 - Baja Afinidad] Afinidad en disciplina base (Ingeniera Civil Especialista en Vías y SST) sin especialidad directa en vías/SST. Modalidad: 100% Remoto en Colombia confirmado.,Nueva,
366f049dd1eaf173,2026-09-22 05:09,Civil engineering-in-training,WSP COLOMBIA SAS,45.0%,Remoto,https://www.elempleo.com/co/ofertas-trabajo/civil-engineeringintraining-1886759044,,[Afinidad: 45/100 - Baja Afinidad] Afinidad en disciplina base (Ingeniera Civil Especialista en Vías y SST) sin especialidad directa en vías/SST. Modalidad: 100% Remoto en Colombia confirmado.,Nueva,
555a755e56fc6a80,2026-09-22 05:09,Civil engineering-in-training,WSP COLOMBIA SAS,45.0%,Remoto,https://www.elempleo.com/co/ofertas-trabajo/civil-engineeringintraining-1886758755,,[Afinidad: 45/100 - Baja Afinidad] Afinidad en disciplina base (Ingeniera Civil Especialista en Vías y SST) sin especialidad directa en vías/SST. Modalidad: 100% Remoto en Colombia confirmado.,Nueva,
776483d4ec602e40,2026-09-22 05:09,Consultor senior sap pm - remoto colombia,TALYCAP GLOBAL SAS,45.0%,Remoto,https://www.elempleo.com/co/ofertas-trabajo/consultor-senior-sap-pm-remoto-colombia-1886747903,,[Afinidad: 45/100 - Baja Afinidad] Afinidad en disciplina base (Ingeniera Civil Especialista en Vías y SST) sin especialidad directa en vías/SST. Modalidad: 100% Remoto en Colombia confirmado.,Nueva,
b1cfe269bbc00011,2026-09-22 05:09,Coordinador de interventoría,Confidencial,45.0%,Remoto,https://www.elempleo.com/co/ofertas-trabajo/coordinador-de-interventoria-1886751671,,[Afinidad: 45/100 - Baja Afinidad] Afinidad en disciplina base (Ingeniera Civil Especialista en Vías y SST) sin especialidad directa en vías/SST. Modalidad: 100% Remoto en Colombia confirmado.,Nueva,
b7a3423e1ee1e624,2026-09-22 05:09,Especialista en urbanismo - proyecto vial,INGEPLAN.CO SAS EMPRESA DE BENEFICIO E INTERES COLECTIVO BIC,45.0%,Remoto,https://www.elempleo.com/co/ofertas-trabajo/especialista-en-urbanismo-proyecto-vial-1886755827,,[Afinidad: 45/100 - Baja Afinidad] Afinidad en disciplina base (Ingeniera Civil Especialista en Vías y SST) sin especialidad directa en vías/SST. Modalidad: 100% Remoto en Colombia confirmado.,Nueva,
8f2604180c4175aa,2026-09-22 05:09,Líder hseq,Grupo Good,45.0%,Remoto,https://www.elempleo.com/co/ofertas-trabajo/lider-hseq-1886758267,,[Afinidad: 45/100 - Baja Afinidad] Afinidad parcial en seguridad y salud ocupacional. Modalidad: 100% Remoto en Colombia confirmado.,Nueva,
c996b309ea31c398,2026-09-22 05:09,Lider hseq,Confidencial,45.0%,Remoto,https://www.elempleo.com/co/ofertas-trabajo/lider-hseq-1886767416,,[Afinidad: 45/100 - Baja Afinidad] Afinidad parcial en seguridad y salud ocupacional. Modalidad: 100% Remoto en Colombia confirmado.,Nueva,
fcb39d755657052e,2026-09-22 05:09,Coordinador hseq,Confidencial,45.0%,Remoto,https://www.elempleo.com/co/ofertas-trabajo/coordinador-hseq-1886747304,,[Afinidad: 45/100 - Baja Afinidad] Afinidad parcial en seguridad y salud ocupacional. Modalidad: 100% Remoto en Colombia confirmado.,Nueva,
1a35e87760c6acbe,2026-09-22 05:09,Líder hseq,Confidencial,45.0%,Remoto,https://www.elempleo.com/co/ofertas-trabajo/lider-hseq-1886761912,,[Afinidad: 45/100 - Baja Afinidad] Afinidad parcial en seguridad y salud ocupacional. Modalidad: 100% Remoto en Colombia confirmado.,Nueva,
9e2f0c16f1a50983,2026-09-22 05:09,Coordinador hseq,Confidencial,45.0%,Remoto,https://www.elempleo.com/co/ofertas-trabajo/coordinador-hseq-1886764155,,[Afinidad: 45/100 - Baja Afinidad] Afinidad parcial en seguridad y salud ocupacional. Modalidad: 100% Remoto en Colombia confirmado.,Nueva,
9d4d87a631d5e8b8,2026-09-22 05:09,Coordinador hseq,Confidencial,45.0%,Remoto,https://www.elempleo.com/co/ofertas-trabajo/coordinador-hseq-1886760733,,[Afinidad: 45/100 - Baja Afinidad] Afinidad parcial en seguridad y salud ocupacional. Modalidad: 100% Remoto en Colombia confirmado.,Nueva,
62d6690ef260f268,2026-09-22 05:09,Coordinador hseq cartagena,APPLUS NORCONTROL COLOMBIA LTDA,45.0%,Remoto,https://www.elempleo.com/co/ofertas-trabajo/coordinador-hseq-cartagena-1886754661,,[Afinidad: 45/100 - Baja Afinidad] Afinidad parcial en seguridad y salud ocupacional. Modalidad: 100% Remoto en Colombia confirmado.,Nueva,
6e57e2acbfc11d12,2026-09-22 05:09,Especialista sig,Confidencial,45.0%,Remoto,https://www.elempleo.com/co/ofertas-trabajo/especialista-sig-1886757094,,[Afinidad: 45/100 - Baja Afinidad] Afinidad en disciplina base (Ingeniera Civil Especialista en Vías y SST) sin especialidad directa en vías/SST. Modalidad: 100% Remoto en Colombia confirmado.,Nueva,
11494a184e6f9290,2026-09-22 05:09,Especialista en ingeniería civil - coordinador técnico,Confidencial,45.0%,Remoto,https://www.elempleo.com/co/ofertas-trabajo/especialista-en-ingenieria-civil-coordinador-tecnico-honduras-1886745304,,[Afinidad: 45/100 - Baja Afinidad] Afinidad en disciplina base (Ingeniera Civil Especialista en Vías y SST) sin especialidad directa en vías/SST. Modalidad: 100% Remoto en Colombia confirmado.,Nueva,
327c6d2b54619849,2026-09-22 05:09,Especialista en psiquiatría,Confidencial,45.0%,Remoto,https://www.elempleo.com/co/ofertas-trabajo/especialista-en-psiquiatria-1886757353,,[Afinidad: 45/100 - Baja Afinidad] Afinidad en disciplina base (Ingeniera Civil Especialista en Vías y SST) sin especialidad directa en vías/SST. Modalidad: 100% Remoto en Colombia confirmado.,Nueva,
b637f33f588eb5ae,2026-09-22 05:09,Especialista en diseño hospitalario,Confidencial,45.0%,Remoto,https://www.elempleo.com/co/ofertas-trabajo/especialista-en-diseno-hospitalario-disponibilidad-viajar-a-peru-1886747220,,[Afinidad: 45/100 - Baja Afinidad] Afinidad en disciplina base (Ingeniera Civil Especialista en Vías y SST) sin especialidad directa en vías/SST. Modalidad: 100% Remoto en Colombia confirmado.,Nueva,
adcc2b47284b5d4d,2026-09-22 05:09,Analista de diseño e ingeniería de empaque - sector farmaceutico,LABORATORIOS BUSSIE,45.0%,Remoto,https://www.elempleo.com/co/ofertas-trabajo/analista-de-diseno-e-ingenieria-de-empaque-sector-farmaceutico-1886755492,,[Afinidad: 45/100 - Baja Afinidad] Afinidad en disciplina base (Ingeniera Civil Especialista en Vías y SST) sin especialidad directa en vías/SST. Modalidad: 100% Remoto en Colombia confirmado.,Nueva,
3ec3d2d34753ff04,2026-09-22 05:09,Especialista de diseño y arquitectura,INTER RAPIDISIMO,45.0%,Remoto,https://www.elempleo.com/co/ofertas-trabajo/especialista-de-diseno-y-arquitectura-1886761909,,[Afinidad: 45/100 - Baja Afinidad] Afinidad en disciplina base (Ingeniera Civil Especialista en Vías y SST) sin especialidad directa en vías/SST. Modalidad: 100% Remoto en Colombia confirmado.,Nueva,
4e917305e90b3efa,2026-09-22 05:09,Especialista en geología,INGEPLAN.CO SAS EMPRESA DE BENEFICIO E INTERES COLECTIVO BIC,45.0%,Remoto,https://www.elempleo.com/co/ofertas-trabajo/especialista-en-geologia-1886761263,,[Afinidad: 45/100 - Baja Afinidad] Afinidad en disciplina base (Ingeniera Civil Especialista en Vías y SST) sin especialidad directa en vías/SST. Modalidad: 100% Remoto en Colombia confirmado.,Nueva,
1aef5476d70bbe42,2026-09-22 05:09,Especialista en geología,INGEPLAN.CO SAS EMPRESA DE BENEFICIO E INTERES COLECTIVO BIC,45.0%,Remoto,https://www.elempleo.com/co/ofertas-trabajo/especialista-en-geologia-1886755729,,[Afinidad: 45/100 - Baja Afinidad] Afinidad en disciplina base (Ingeniera Civil Especialista en Vías y SST) sin especialidad directa en vías/SST. Modalidad: 100% Remoto en Colombia confirmado.,Nueva,
b46df3b678599255,2026-09-22 05:09,Especialista en estructuras,Confidencial,45.0%,Remoto,https://www.elempleo.com/co/ofertas-trabajo/especialista-en-estructuras-1886757080,,[Afinidad: 45/100 - Baja Afinidad] Afinidad en disciplina base (Ingeniera Civil Especialista en Vías y SST) sin especialidad directa en vías/SST. Modalidad: 100% Remoto en Colombia confirmado.,Nueva,
935035bdfa2ae0b7,2026-09-22 05:09,Especialista en gestión del riesgo,INGEPLAN.CO SAS EMPRESA DE BENEFICIO E INTERES COLECTIVO BIC,45.0%,Remoto,https://www.elempleo.com/co/ofertas-trabajo/especialista-en-gestion-del-riesgo-1886755709,,[Afinidad: 45/100 - Baja Afinidad] Afinidad en disciplina base (Ingeniera Civil Especialista en Vías y SST) sin especialidad directa en vías/SST. Modalidad: 100% Remoto en Colombia confirmado.,Nueva,
14a1c964238340ba,2026-09-22 05:09,Ingeniero civil nivel v,Confidencial,45.0%,Remoto,https://www.elempleo.com/co/ofertas-trabajo/ingeniero-civil-nivel-v-1886758046,,[Afinidad: 45/100 - Baja Afinidad] Afinidad en disciplina base (Ingeniera Civil Especialista en Vías y SST) sin especialidad directa en vías/SST. Modalidad: 100% Remoto en Colombia confirmado.,Nueva,
740f61bdbaa69d0e,2026-09-22 05:09,Coordinador de proyectos bilingüe,EyS IT SAS,45.0%,Remoto,https://www.elempleo.com/co/ofertas-trabajo/coordinador-de-proyectos-bilingue-1886749343,,[Afinidad: 45/100 - Baja Afinidad] Afinidad en disciplina base (Ingeniera Civil Especialista en Vías y SST) sin especialidad directa en vías/SST. Modalidad: 100% Remoto en Colombia confirmado.,Nueva,
63ef229552018ccd,2026-09-22 05:09,Coordinador de proyectos,Confidencial,45.0%,Remoto,https://www.elempleo.com/co/ofertas-trabajo/coordinador-de-proyectos-1886748647,,[Afinidad: 45/100 - Baja Afinidad] Afinidad en disciplina base (Ingeniera Civil Especialista en Vías y SST) sin especialidad directa en vías/SST. Modalidad: 100% Remoto en Colombia confirmado.,Nueva,
03750e25a7e1c016,2026-09-22 05:09,Coordinador de proyectos inmobiliarios,GRUPO AR S.A.,45.0%,Remoto,https://www.elempleo.com/co/ofertas-trabajo/coordinador-de-proyectos-inmobiliarios-1886745877,,[Afinidad: 45/100 - Baja Afinidad] Afinidad en disciplina base (Ingeniera Civil Especialista en Vías y SST) sin especialidad directa en vías/SST. Modalidad: 100% Remoto en Colombia confirmado.,Nueva,
5627e52731a73f27,2026-09-22 05:09,Coordinador de proyectos inmobiliarios,GRUPO AR S.A.,45.0%,Remoto,https://www.elempleo.com/co/ofertas-trabajo/coordinador-de-proyectos-inmobiliarios-1886704948,,[Afinidad: 45/100 - Baja Afinidad] Afinidad en disciplina base (Ingeniera Civil Especialista en Vías y SST) sin especialidad directa en vías/SST. Modalidad: 100% Remoto en Colombia confirmado.,Nueva,
b6af0024900baff6,2026-09-22 05:09,Ingeniero residente - ingeniero civil-cordoba,OBCIPOL SAS,45.0%,Remoto,https://www.elempleo.com/co/ofertas-trabajo/ingeniero-residente-ingeniero-civilcordoba-1886763488,,[Afinidad: 45/100 - Baja Afinidad] Afinidad en disciplina base (Ingeniera Civil Especialista en Vías y SST) sin especialidad directa en vías/SST. Modalidad: 100% Remoto en Colombia confirmado.,Nueva,
2a0453695fa88728,2026-09-22 05:09,Profesional ingenieria mecanica,INZIGNIA CONSTRUCTION S.A,45.0%,Remoto,https://www.elempleo.com/co/ofertas-trabajo/profesional-ingenieria-mecanica-1886767282,,[Afinidad: 45/100 - Baja Afinidad] Afinidad en disciplina base (Ingeniera Civil Especialista en Vías y SST) sin especialidad directa en vías/SST. Modalidad: 100% Remoto en Colombia confirmado.,Nueva,
edfe98c543194667,2026-09-22 05:09,Jefe de sst - nemocón - 1625991634-135,AGENCIA DE EMPLEO Y FOMENTO EMPRESARIAL COMPENSAR,45.0%,Remoto,https://www.elempleo.com/co/ofertas-trabajo/jefe-de-sst-nemocon-1625991634135-1886754873,,[Afinidad: 45/100 - Baja Afinidad] Afinidad parcial en seguridad y salud ocupacional. Modalidad: 100% Remoto en Colombia confirmado.,Nueva,
6233e93ceb1dbeed,2026-09-22 05:09,Jefe de sst- nemocón,Confidencial,45.0%,Remoto,https://www.elempleo.com/co/ofertas-trabajo/jefe-de-sst-nemocon-1886757757,,[Afinidad: 45/100 - Baja Afinidad] Afinidad parcial en seguridad y salud ocupacional. Modalidad: 100% Remoto en Colombia confirmado.,Nueva,
ddd0530c3b22efe7,2026-09-22 05:09,Lider sst para la guajira,Confidencial,45.0%,Remoto,https://www.elempleo.com/co/ofertas-trabajo/lider-sst-para-la-guajira-1886764349,,[Afinidad: 45/100 - Baja Afinidad] Afinidad parcial en seguridad y salud ocupacional. Modalidad: 100% Remoto en Colombia confirmado.,Nueva,
ce75aab7a32f36a3,2026-09-22 05:09,Coordinador talento humano y sst - bogota- 1626427532-7,AGENCIA DE EMPLEO Y FOMENTO EMPRESARIAL COMPENSAR,45.0%,Remoto,https://www.elempleo.com/co/ofertas-trabajo/coordinador-talento-humano-y-sst-bogota-16264275327-1886753531,,[Afinidad: 45/100 - Baja Afinidad] Afinidad parcial en seguridad y salud ocupacional. Modalidad: 100% Remoto en Colombia confirmado.,Nueva,
850731f7bb6cd73f,2026-09-22 05:09,Coordinador(a) de sst y medio ambiente,ATIEMPO S.A.S,45.0%,Remoto,https://www.elempleo.com/co/ofertas-trabajo/coordinadora-de-sst-y-medio-ambiente-1886759848,,[Afinidad: 45/100 - Baja Afinidad] Afinidad parcial en seguridad y salud ocupacional. Modalidad: 100% Remoto en Colombia confirmado.,Nueva,
abaf8e513787b3f3,2026-09-22 05:09,Coordinador pesv,Confidencial,45.0%,Remoto,https://www.elempleo.com/co/ofertas-trabajo/coordinador-pesv-1886769643,,[Afinidad: 45/100 - Baja Afinidad] Afinidad parcial en infraestructura vial y transporte. Modalidad: 100% Remoto en Colombia confirmado.,Nueva,
9dcdf501e5912b88,2026-09-22 05:09,Tecnico de obras civiles /girardot ref. 339166-82241,AGENCIA DE EMPLEO Y FOMENTO EMPRESARIAL COMPENSAR,45.0%,Remoto,https://www.elempleo.com/co/ofertas-trabajo/tecnico-de-obras-civiles-girardot-ref-33916682241-1886747302,,[Afinidad: 45/100 - Baja Afinidad] Afinidad en disciplina base (Ingeniera Civil Especialista en Vías y SST) sin especialidad directa en vías/SST. Modalidad: 100% Remoto en Colombia confirmado.,Nueva,
693b8a076a888f67,2026-09-22 05:09,Ingeniero civil - especializacion en estructuras,Confidencial,45.0%,Remoto,https://www.elempleo.com/co/ofertas-trabajo/ingeniero-civil-especializacion-en-estructuras-1886766956,,[Afinidad: 45/100 - Baja Afinidad] Afinidad en disciplina base (Ingeniera Civil Especialista en Vías y SST) sin especialidad directa en vías/SST. Modalidad: 100% Remoto en Colombia confirmado.,Nueva,
13bc527565632878,2026-09-22 05:09,Tecnico en contratacion de obra civil bogota,Confidencial,45.0%,Remoto,https://www.elempleo.com/co/ofertas-trabajo/tecnico-en-contratacion-de-obra-civil-bogota-1886759693,,[Afinidad: 45/100 - Baja Afinidad] Afinidad en disciplina base (Ingeniera Civil Especialista en Vías y SST) sin especialidad directa en vías/SST. Modalidad: 100% Remoto en Colombia confirmado.,Nueva,
6ccccd3a1ba05f7f,2026-09-22 05:09,14561-especialista interventoria-bogota,APPLUS NORCONTROL COLOMBIA LTDA,45.0%,Remoto,https://www.elempleo.com/co/ofertas-trabajo/14561especialista-interventoriabogota-1886768886,,[Afinidad: 45/100 - Baja Afinidad] Afinidad en disciplina base (Ingeniera Civil Especialista en Vías y SST) sin especialidad directa en vías/SST. Modalidad: 100% Remoto en Colombia confirmado.,Nueva,
5890db86961c728a,2026-09-22 05:09,Lider de proyectos de infraestructura,Confidencial,45.0%,Remoto,https://www.elempleo.com/co/ofertas-trabajo/lider-de-proyectos-de-infraestructura-1886763250,,[Afinidad: 45/100 - Baja Afinidad] Afinidad parcial en infraestructura vial y transporte. Modalidad: 100% Remoto en Colombia confirmado.,Nueva,
8ad0c11c4f07472e,2026-09-22 05:09,Ingeniero Civil / Terracerías,EOSOL,45.0%,Remoto,https://co.linkedin.com/jobs/view/ingeniero-civil-terracer%C3%ADas-at-eosol-4445793534,,[Afinidad: 45/100 - Baja Afinidad] Afinidad en disciplina base (Ingeniera Civil Especialista en Vías y SST) sin especialidad directa en vías/SST. Modalidad: 100% Remoto en Colombia confirmado.,Nueva,
ed46085f88d06bf5,2026-09-22 05:09,Supervisor Civil,EOSOL,45.0%,Remoto,https://co.linkedin.com/jobs/view/supervisor-civil-at-eosol-4442238964,,[Afinidad: 45/100 - Baja Afinidad] Afinidad en disciplina base (Ingeniera Civil Especialista en Vías y SST) sin especialidad directa en vías/SST. Modalidad: 100% Remoto en Colombia confirmado.,Nueva,
dc949850c44ae2c9,2026-09-22 05:09,Civil Engineer,Cresta,45.0%,Remoto,https://co.linkedin.com/jobs/view/civil-engineer-at-cresta-4465582487,,[Afinidad: 45/100 - Baja Afinidad] Afinidad en disciplina base (Ingeniera Civil Especialista en Vías y SST) sin especialidad directa en vías/SST. Modalidad: 100% Remoto en Colombia confirmado.,Nueva,
4ad1a5acabdb8ad3,2026-09-22 05:09,Civil BIM Specialist,ENG,45.0%,Remoto,https://co.linkedin.com/jobs/view/civil-bim-specialist-at-eng-4469886677,,[Afinidad: 45/100 - Baja Afinidad] Afinidad en disciplina base (Ingeniera Civil Especialista en Vías y SST) sin especialidad directa en vías/SST. Modalidad: 100% Remoto en Colombia confirmado.,Nueva,
5ebaba0a0c9927fb,2026-09-22 05:09,Ingeniero/a Civil-Estructuras Hormigón/Acero,"IDOM Consulting, Engineering, Architecture",45.0%,Remoto,https://co.linkedin.com/jobs/view/ingeniero-a-civil-estructuras-hormig%C3%B3n-acero-at-idom-consulting-engineering-architecture-4462998187,,[Afinidad: 45/100 - Baja Afinidad] Afinidad en disciplina base (Ingeniera Civil Especialista en Vías y SST) sin especialidad directa en vías/SST. Modalidad: 100% Remoto en Colombia confirmado.,Nueva,
5c954c66c2c9d655,2026-09-22 05:09,Civil Engineering-in-Training,WSP en Colombia,45.0%,Remoto,https://co.linkedin.com/jobs/view/civil-engineering-in-training-french-at-wsp-en-colombia-4458430104,,[Afinidad: 45/100 - Baja Afinidad] Afinidad en disciplina base (Ingeniera Civil Especialista en Vías y SST) sin especialidad directa en vías/SST. Modalidad: 100% Remoto en Colombia confirmado.,Nueva,
571ae2aa81fa07b5,2026-09-22 05:09,Civil Engineering-in-Training,WSP en Colombia,45.0%,Remoto,https://co.linkedin.com/jobs/view/civil-engineering-in-training-at-wsp-en-colombia-4458027784,,[Afinidad: 45/100 - Baja Afinidad] Afinidad en disciplina base (Ingeniera Civil Especialista en Vías y SST) sin especialidad directa en vías/SST. Modalidad: 100% Remoto en Colombia confirmado.,Nueva,
d94bcf92627b7b99,2026-09-22 05:09,Ingeniero civil,HMV Ingenieros,45.0%,Remoto,https://co.linkedin.com/jobs/view/ingeniero-civil-at-hmv-ingenieros-4461715824,,[Afinidad: 45/100 - Baja Afinidad] Afinidad en disciplina base (Ingeniera Civil Especialista en Vías y SST) sin especialidad directa en vías/SST. Modalidad: 100% Remoto en Colombia confirmado.,Nueva,
1be0a8e56fa4736b,2026-09-22 05:09,Civil Engineer,Wood,45.0%,Remoto,https://co.linkedin.com/jobs/view/civil-engineer-at-wood-4418961778,,[Afinidad: 45/100 - Baja Afinidad] Afinidad en disciplina base (Ingeniera Civil Especialista en Vías y SST) sin especialidad directa en vías/SST. Modalidad: 100% Remoto en Colombia confirmado.,Nueva,
0b3307883dd9e76d,2026-09-22 05:09,Líder de Infraestructura y Estructuración de Proyectos,Innova Schools Colombia,45.0%,Remoto,https://co.linkedin.com/jobs/view/l%C3%ADder-de-infraestructura-y-estructuraci%C3%B3n-de-proyectos-at-innova-schools-colombia-4462807966,,[Afinidad: 45/100 - Baja Afinidad] Afinidad parcial en infraestructura vial y transporte. Modalidad: 100% Remoto en Colombia confirmado.,Nueva,
825c4e246cbd6b6b,2026-09-22 05:09,Civil Engineering Expert,Anyone AI,45.0%,Remoto,https://co.linkedin.com/jobs/view/civil-engineering-expert-at-anyone-ai-4462461832,,[Afinidad: 45/100 - Baja Afinidad] Afinidad en disciplina base (Ingeniera Civil Especialista en Vías y SST) sin especialidad directa en vías/SST. Modalidad: 100% Remoto en Colombia confirmado.,Nueva,
76740179a82340ae,2026-09-22 05:09,Profesional en Ingeniería Civil,CMH Colombia,45.0%,Remoto,https://co.linkedin.com/jobs/view/profesional-en-ingenier%C3%ADa-civil-at-minerales-c%C3%B3rdoba-4450022471,,[Afinidad: 45/100 - Baja Afinidad] Afinidad en disciplina base (Ingeniera Civil Especialista en Vías y SST) sin especialidad directa en vías/SST. Modalidad: 100% Remoto en Colombia confirmado.,Nueva,
5bea04b9e734c2fc,2026-09-22 05:09,Coordinador HSEQ,ASSEMTEC,45.0%,Remoto,https://co.linkedin.com/jobs/view/coordinador-hseq-at-assemtec-4457664932,,[Afinidad: 45/100 - Baja Afinidad] Afinidad parcial en seguridad y salud ocupacional. Modalidad: 100% Remoto en Colombia confirmado.,Nueva,
6ba6bae2d7bfb226,2026-09-22 05:09,"Inspector SST con Licencia, Coordinador de Alturas",Asertempo Colombia S.A.S,45.0%,Remoto,https://co.linkedin.com/jobs/view/inspector-sst-con-licencia-coordinador-de-alturas-at-asertempo-colombia-s-a-s-4464408367,,[Afinidad: 45/100 - Baja Afinidad] Afinidad parcial en seguridad y salud ocupacional. Modalidad: 100% Remoto en Colombia confirmado.,Nueva,
0df4a63a82189896,2026-09-22 05:09,Especialista en Salud y Seguridad en el trabajo con especialización en medio Ambiente,Dextera IT Services,45.0%,Remoto,https://co.linkedin.com/jobs/view/especialista-en-salud-y-seguridad-en-el-trabajo-con-especializaci%C3%B3n-en-medio-ambiente-at-dextera-it-services-4464024362,,[Afinidad: 45/100 - Baja Afinidad] Afinidad en disciplina base (Ingeniera Civil Especialista en Vías y SST) sin especialidad directa en vías/SST. Modalidad: 100% Remoto en Colombia confirmado.,Nueva,
e8e3c75915d1945c,2026-09-22 05:09,Coordinador (a) profesional HSEQ,SD SAS,45.0%,Remoto,https://co.linkedin.com/jobs/view/coordinador-a-profesional-hseq-at-sd-sas-4444939872,,[Afinidad: 45/100 - Baja Afinidad] Afinidad parcial en seguridad y salud ocupacional. Modalidad: 100% Remoto en Colombia confirmado.,Nueva,
fb37fc1bf485e650,2026-09-22 05:09,Técnico de trazado especialista en ISTRAM,EADIC,45.0%,Remoto,https://co.linkedin.com/jobs/view/t%C3%A9cnico-de-trazado-especialista-en-istram-at-eadic-4468780158,,[Afinidad: 45/100 - Baja Afinidad] Afinidad en disciplina base (Ingeniera Civil Especialista en Vías y SST) sin especialidad directa en vías/SST. Modalidad: 100% Remoto en Colombia confirmado.,Nueva,
0f01a66eb85a1ffd,2026-09-22 05:09,AUXILIAR MODELADOR BIM Y DIBUJANTE EN INGENIERÍA CIVIL,Antea Group España y Latinoamérica,45.0%,Remoto,https://co.linkedin.com/jobs/view/auxiliar-modelador-bim-y-dibujante-en-ingenier%C3%ADa-civil-at-antea-group-espa%C3%B1a-y-latinoam%C3%A9rica-4467605615,,[Afinidad: 45/100 - Baja Afinidad] Afinidad en disciplina base (Ingeniera Civil Especialista en Vías y SST) sin especialidad directa en vías/SST. Modalidad: 100% Remoto en Colombia confirmado.,Nueva,
cba614af5ce1fc3a,2026-09-22 05:09,Principal Pavement Engineer - Linear Infrastructure & Site Civils,AECOM,45.0%,Remoto,https://co.linkedin.com/jobs/view/principal-pavement-engineer-linear-infrastructure-site-civils-at-aecom-4403657428,,[Afinidad: 45/100 - Baja Afinidad] Afinidad en disciplina base (Ingeniera Civil Especialista en Vías y SST) sin especialidad directa en vías/SST. Modalidad: 100% Remoto en Colombia confirmado.,Nueva,
2bafc4e5eb29746b,2026-09-22 05:09,Ingeniero/a Geotécnico/a Senior,"IDOM Consulting, Engineering, Architecture",45.0%,Remoto,https://co.linkedin.com/jobs/view/ingeniero-a-geot%C3%A9cnico-a-senior-at-idom-consulting-engineering-architecture-4467729578,,[Afinidad: 45/100 - Baja Afinidad] Afinidad en disciplina base (Ingeniera Civil Especialista en Vías y SST) sin especialidad directa en vías/SST. Modalidad: 100% Remoto en Colombia confirmado.,Nueva,
f3290f3c2a2d0061,2026-09-22 05:09,Engenheiro Civil - Lisboa,DDN GERENCIAMENTO,45.0%,Remoto,https://co.linkedin.com/jobs/view/engenheiro-civil-lisboa-at-ddn-gerenciamento-4468408791,,[Afinidad: 45/100 - Baja Afinidad] Afinidad en disciplina base (Ingeniera Civil Especialista en Vías y SST) sin especialidad directa en vías/SST. Modalidad: 100% Remoto en Colombia confirmado.,Nueva,
d2feccf91b9b1f0b,2026-09-22 05:09,Ingeniero/a Civil especialista en Talleres y Patios Ferroviarios,"IDOM Consulting, Engineering, Architecture",45.0%,Remoto,https://co.linkedin.com/jobs/view/ingeniero-a-civil-especialista-en-talleres-y-patios-ferroviarios-at-idom-consulting-engineering-architecture-4443713908,,[Afinidad: 45/100 - Baja Afinidad] Afinidad en disciplina base (Ingeniera Civil Especialista en Vías y SST) sin especialidad directa en vías/SST. Modalidad: 100% Remoto en Colombia confirmado.,Nueva,
152ea7f07f195fc8,2026-09-22 05:09,COORDINADOR DE INTERVENTORÍA-NIVEL 1 SECTOR HIDROCARBUROS,Centro de Empleo y Talento,45.0%,Remoto,https://co.linkedin.com/jobs/view/coordinador-de-interventor%C3%ADa-nivel-1-sector-hidrocarburos-at-centro-de-empleo-y-talento-4468030406,,[Afinidad: 45/100 - Baja Afinidad] Afinidad en disciplina base (Ingeniera Civil Especialista en Vías y SST) sin especialidad directa en vías/SST. Modalidad: 100% Remoto en Colombia confirmado.,Nueva,
b3dd7e9d8f53fb27,2026-09-22 05:09,Consultor (Desarrollador) Senior Appian,VASS LATAM,45.0%,Remoto,https://co.linkedin.com/jobs/view/consultor-desarrollador-senior-appian-at-vass-latam-4458249659,,[Afinidad: 45/100 - Baja Afinidad] Afinidad en disciplina base (Ingeniera Civil Especialista en Vías y SST) sin especialidad directa en vías/SST. Modalidad: 100% Remoto en Colombia confirmado.,Nueva,
0f895f69320d7d8d,2026-09-22 05:09,Coordinador hse Cartagena,TRANSPORTES MONTEJO SAS,45.0%,Remoto,https://co.linkedin.com/jobs/view/coordinador-hse-cartagena-at-transportes-montejo-sas-4458746462,,[Afinidad: 45/100 - Baja Afinidad] Afinidad parcial en seguridad y salud ocupacional. Modalidad: 100% Remoto en Colombia confirmado.,Nueva,
b86d50ad2dd5f642,2026-09-22 05:09,Coordinador Regional SIG/ SST,Interaseo S.A.S. E.S.P.,45.0%,Remoto,https://co.linkedin.com/jobs/view/coordinador-regional-sig-sst-at-interaseo-s-a-s-e-s-p-4459088040,,[Afinidad: 45/100 - Baja Afinidad] Afinidad parcial en seguridad y salud ocupacional. Modalidad: 100% Remoto en Colombia confirmado.,Nueva,
506296811a5a9cbb,2026-09-22 05:09,Coordinador/a de SST,Estelar Food S.A.S,45.0%,Remoto,https://co.linkedin.com/jobs/view/coordinador-a-de-sst-at-estelar-food-s-a-s-4462115593,,[Afinidad: 45/100 - Baja Afinidad] Afinidad parcial en seguridad y salud ocupacional. Modalidad: 100% Remoto en Colombia confirmado.,Nueva,
0e4b8eed7f32714e,2026-09-22 05:09,coordinador de Seguridad y Salud en el Trabajo,Asertempo Colombia S.A.S,45.0%,Remoto,https://co.linkedin.com/jobs/view/coordinador-de-seguridad-y-salud-en-el-trabajo-at-asertempo-colombia-s-a-s-4461723686,,[Afinidad: 45/100 - Baja Afinidad] Afinidad parcial en seguridad y salud ocupacional. Modalidad: 100% Remoto en Colombia confirmado.,Nueva,
aa2882af3c61095b,2026-09-22 05:09,Coordinador (a) SST / APH - Marmato,Aris Mining Colombia,45.0%,Remoto,https://co.linkedin.com/jobs/view/coordinador-a-sst-aph-marmato-at-aris-mining-colombia-4448929810,,[Afinidad: 45/100 - Baja Afinidad] Afinidad parcial en seguridad y salud ocupacional. Modalidad: 100% Remoto en Colombia confirmado.,Nueva,
b16bf21d94be490a,2026-09-22 05:09,Líder HSEQ,RH Group,45.0%,Remoto,https://co.linkedin.com/jobs/view/l%C3%ADder-hseq-at-rh-group-4468612641,,[Afinidad: 45/100 - Baja Afinidad] Afinidad parcial en seguridad y salud ocupacional. Modalidad: 100% Remoto en Colombia confirmado.,Nueva,
26cff43f13982962,2026-09-22 05:09,Consultor(a) Senior SOX TI,Hitss Colombia,45.0%,Remoto,https://co.linkedin.com/jobs/view/consultor-a-senior-sox-ti-at-hitss-colombia-4460766744,,[Afinidad: 45/100 - Baja Afinidad] Afinidad en disciplina base (Ingeniera Civil Especialista en Vías y SST) sin especialidad directa en vías/SST. Modalidad: 100% Remoto en Colombia confirmado.,Nueva,
87e367215ed55502,2026-09-22 05:09,Consultor(a) Senior Auditoría Interna,Deloitte,45.0%,Remoto,https://co.linkedin.com/jobs/view/consultor-a-senior-auditor%C3%ADa-interna-at-deloitte-4462090075,,[Afinidad: 45/100 - Baja Afinidad] Afinidad en disciplina base (Ingeniera Civil Especialista en Vías y SST) sin especialidad directa en vías/SST. Modalidad: 100% Remoto en Colombia confirmado.,Nueva,
e2e525b51bbd0e5e,2026-09-22 05:09,Coordinador/a de Salud y Bienestar (HSE) Latam,Aqualia,45.0%,Remoto,https://co.linkedin.com/jobs/view/coordinador-a-de-salud-y-bienestar-hse-latam-at-aqualia-4463977352,,[Afinidad: 45/100 - Baja Afinidad] Afinidad parcial en seguridad y salud ocupacional. Modalidad: 100% Remoto en Colombia confirmado.,Nueva,
8ef614b651dfe9d9,2026-09-22 05:09,Lead Civil Site Engineer,AECOM,45.0%,Remoto,https://co.linkedin.com/jobs/view/lead-civil-site-engineer-at-aecom-4468059409,,[Afinidad: 45/100 - Baja Afinidad] Afinidad en disciplina base (Ingeniera Civil Especialista en Vías y SST) sin especialidad directa en vías/SST. Modalidad: 100% Remoto en Colombia confirmado.,Nueva,
b339389a0d32a94f,2026-09-22 05:09,Ingeniero civil,constructora cumbrera,45.0%,Remoto,https://co.linkedin.com/jobs/view/ingeniero-civil-4463108593,,[Afinidad: 45/100 - Baja Afinidad] Afinidad en disciplina base (Ingeniera Civil Especialista en Vías y SST) sin especialidad directa en vías/SST. Modalidad: 100% Remoto en Colombia confirmado.,Nueva,
93623c0212e39cb9,2026-09-22 05:09,Ingeniero(a) Civil,CMH Colombia,45.0%,Remoto,https://co.linkedin.com/jobs/view/ingeniero-a-civil-at-minerales-c%C3%B3rdoba-4417533007,,[Afinidad: 45/100 - Baja Afinidad] Afinidad en disciplina base (Ingeniera Civil Especialista en Vías y SST) sin especialidad directa en vías/SST. Modalidad: 100% Remoto en Colombia confirmado.,Nueva,
cd06fbe3d5b74888,2026-09-22 05:09,Oficial Obra Civil,Equans Colombia,45.0%,Remoto,https://co.linkedin.com/jobs/view/oficial-obra-civil-bogota-y-cundinamarca-at-equans-colombia-4470218146,,[Afinidad: 45/100 - Baja Afinidad] Afinidad en disciplina base (Ingeniera Civil Especialista en Vías y SST) sin especialidad directa en vías/SST. Modalidad: 100% Remoto en Colombia confirmado.,Nueva,
